struct_id,address,city,zip_code,bldg_type,total_value,yr_built,res_units,total_elderly,avg_elderly_age,min_elderly_age,max_elderly_age,ward_ids
229346_899410,91.0 Washington ST,BRIGHTON,2135.0,113 - APT 31-99 UNITS,8269891.0,1963.0,,59,76.4,62,98,21
229641_899342,300.0 ALLSTON ST,BRIGHTON,2135.0,MR - Mid Rise,0.0,2002.0,83.0,46,77.5,62,99,21
228830_898653,50.0 Sutherland RD,BRIGHTON,2135.0,118 - ELDERLY HOME,15726100.0,1993.0,,43,86.6,65,98,21
229441_899445,2.0 FIDELIS WAY,BRIGHTON,2135.0,99 - Vacant,7157407.0,,,43,76.2,62,100,21
229386_899442,6.0 FIDELIS WAY,BRIGHTON,2135.0,99 - Vacant,8153471.0,,,42,78.0,65,91,21
229554_900015,10.0 CAMELOT CT,BRIGHTON,2135.0,114 - APT 100+ UNITS,27373404.0,1965.0,,36,83.3,62,106,21
229588_899979,11.0 CAMELOT CT,BRIGHTON,2135.0,114 - APT 100+ UNITS,26902496.0,1965.0,,35,84.0,65,98,21
227324_900528,10.0 Bellamy ST,BRIGHTON,2135.0,959 - ASSISTED LIVING/ Elderly,2211398.0,1968.0,,34,76.3,62,96,22
232966_899225,110.0 Peterborough ST,BOSTON,2215.0,113 - APT 31-99 UNITS,7398000.0,1989.0,,31,75.8,62,98,21
229313_899687,29.0 JETTE CT,BRIGHTON,2135.0,114 - APT 100+ UNITS,9245098.0,1950.0,,24,71.6,62,93,21
230345_899885,15.0 ROYCE RD,ALLSTON,2134.0,113 - APT 31-99 UNITS,5406216.0,1930.0,,24,82.3,65,95,21
226879_900195,121.0 Tremont ST,BRIGHTON,2135.0,MR - Mid Rise,0.0,1999.0,77.0,24,73.8,62,91,22
230094_899695,85.0 Brainerd RD,ALLSTON,2134.0,MR - Mid Rise,0.0,1999.0,80.0,20,73.4,64,92,21
230105_899748,85.0 Brainerd RD,ALLSTON,2134.0,MR - Mid Rise,0.0,1999.0,80.0,20,73.4,64,92,21
227329_899470,144.0 Kenrick ST,BRIGHTON,2135.0,LR - Low Rise,0.0,1999.0,93.0,12,72.6,62,85,22
229420_900699,125.0 Guest ST,BRIGHTON,2135.0,114 - APT 100+ UNITS,138162000.0,2018.0,,12,69.2,63,83,22
227304_899517,144.0 Kenrick ST,BRIGHTON,2135.0,LR - Low Rise,0.0,1999.0,93.0,12,72.6,62,85,22
227354_899535,144.0 Kenrick ST,BRIGHTON,2135.0,LR - Low Rise,0.0,1999.0,93.0,12,72.6,62,85,22
229661_899267,170.0 Corey RD,BRIGHTON,2135.0,304 - NURSING /CONV HOME,3172219.0,1899.0,,12,78.8,65,98,21
229703_899322,170.0 Corey RD,BRIGHTON,2135.0,304 - NURSING /CONV HOME,3172219.0,1899.0,,12,78.8,65,98,21
229318_901225,26.0 Waverly ST,BRIGHTON,2135.0,LR - Low Rise,0.0,1999.0,39.0,11,72.9,62,87,22
229710_899775,147.0 Kelton ST,ALLSTON,2134.0,MR - Mid Rise,0.0,1999.0,68.0,11,68.7,62,79,21
229463_899626,9.0 JETTE CT,BRIGHTON,2135.0,114 - APT 100+ UNITS,14228402.0,1951.0,,11,68.0,62,76,21
228749_898638,8.0 Chiswick RD,BRIGHTON,2135.0,LR - Low Rise,0.0,1999.0,56.0,11,71.5,62,84,21
228656_900086,360.0 Market ST,BRIGHTON,2135.0,LR - Low Rise,0.0,1999.0,46.0,10,77.8,65,90,22
228669_900108,360.0 Market ST,BRIGHTON,2135.0,LR - Low Rise,0.0,1999.0,46.0,10,77.8,65,90,22
229037_900557,18.0 GLENCOE ST,BRIGHTON,2135.0,LR - Low Rise,0.0,1999.0,39.0,10,72.5,64,83,22
229335_899914,55.0 WARREN ST,BRIGHTON,2135.0,979 - HOSPITAL (exempt),90499900.0,1899.0,,9,68.6,62,79,21
227523_900727,142.0 Bigelow ST,BRIGHTON,2135.0,LR - Low Rise,0.0,2005.0,26.0,9,74.2,70,80,22
229873_899666,213.0 Kelton ST,ALLSTON,2134.0,112 - APT 7-30 UNITS,3163992.0,1930.0,,9,78.3,63,92,21
229824_899704,197.0 Kelton ST,ALLSTON,2134.0,112 - APT 7-30 UNITS,2747746.0,1930.0,,9,76.9,63,94,21
228320_900654,181.0 Parsons ST,BRIGHTON,2135.0,112 - APT 7-30 UNITS,4192700.0,1930.0,,9,76.2,62,92,22
229434_899882,55.0 WARREN ST,BRIGHTON,2135.0,979 - HOSPITAL (exempt),90499900.0,1899.0,,9,68.6,62,79,21
232734_899626,16.0 Miner ST,BOSTON,2215.0,MR - Mid Rise,0.0,2006.0,53.0,8,71.5,64,90,21
229861_899678,209.0 Kelton ST,ALLSTON,2134.0,112 - APT 7-30 UNITS,2747746.0,1930.0,,7,73.0,66,88,21
229190_898854,15.0 COLLISTON RD,BRIGHTON,2135.0,LR - Low Rise,0.0,1999.0,28.0,7,72.3,62,83,21
229103_899370,41.0 COLBORNE RD,BOSTON,2215.0,LR - Low Rise,0.0,1999.0,112.0,7,73.9,68,78,21
232852_899184,231.0 Park DR,BOSTON,2215.0,113 - APT 31-99 UNITS,17305400.0,1920.0,,7,74.1,68,80,21
229140_899339,41.0 COLBORNE RD,BOSTON,2215.0,LR - Low Rise,0.0,1999.0,112.0,7,73.9,68,78,21
229250_899487,127.0 Washington ST,BRIGHTON,2135.0,114 - APT 100+ UNITS,17985100.0,1930.0,,7,69.6,63,84,21
229034_898626,52.0 STRATHMORE RD,BRIGHTON,2135.0,LR - Low Rise,0.0,1999.0,56.0,7,71.3,66,79,21
228732_898784,110.0 STRATHMORE RD,BRIGHTON,2135.0,LR - Low Rise,0.0,1999.0,14.0,6,85.2,78,92,21
228751_898503,6.0 Sutherland RD,BRIGHTON,2135.0,MR - Mid Rise,0.0,1999.0,101.0,6,68.3,62,76,21
228643_898982,125.0 Chiswick RD,BRIGHTON,2135.0,113 - APT 31-99 UNITS,14600600.0,1963.0,,6,70.3,64,77,21
228784_898529,6.0 Sutherland RD,BRIGHTON,2135.0,MR - Mid Rise,0.0,1999.0,101.0,6,68.3,62,76,21
229095_899187,24.0 Colborne RD,BRIGHTON,2135.0,112 - APT 7-30 UNITS,5379000.0,1920.0,,6,84.5,70,91,21
228558_898991,133.0 Chiswick RD,BRIGHTON,2135.0,LR - Low Rise,0.0,1999.0,8.0,6,70.3,64,83,21
232988_899223,108.0 Peterborough ST,BOSTON,2215.0,MR - Mid Rise,0.0,1990.0,55.0,6,69.8,62,83,21
228529_898847,160.0 STRATHMORE RD,BRIGHTON,2135.0,112 - APT 7-30 UNITS,6002700.0,1920.0,,6,74.3,62,91,21
227283_900011,35.0 NONANTUM ST,BRIGHTON,2135.0,FS - Free Standing,0.0,1999.0,10.0,6,72.3,66,82,22
227945_899913,493.0 Washington ST,BRIGHTON,2135.0,125 - SUBSD HOUSING S- 8,4083199.0,1955.0,,6,70.3,67,73,22
228749_898522,6.0 Sutherland RD,BRIGHTON,2135.0,MR - Mid Rise,0.0,1999.0,101.0,6,68.3,62,76,21
228783_898502,6.0 Sutherland RD,BRIGHTON,2135.0,MR - Mid Rise,0.0,1999.0,101.0,6,68.3,62,76,21
228887_899964,4.0 ELKO ST,BRIGHTON,2135.0,113 - APT 31-99 UNITS,9301700.0,1920.0,,6,67.8,62,70,22
227578_900237,357.0 Faneuil ST,BRIGHTON,2135.0,LR - Low Rise,0.0,1999.0,16.0,5,77.0,64,84,22
228794_899387,20.0 MELTON RD,BRIGHTON,2135.0,CV - Conventional,1101000.0,1925.0,,5,70.8,62,77,21
230513_901110,23.0 Coolidge RD,ALLSTON,2134.0,TF - Two Fam Stack,1403000.0,1920.0,,5,74.6,62,93,22
228540_900680,41.0 Faneuil ST,BRIGHTON,2135.0,112 - APT 7-30 UNITS,8312400.0,1950.0,,5,66.4,63,76,22
228574_900664,41.0 Faneuil ST,BRIGHTON,2135.0,112 - APT 7-30 UNITS,8312400.0,1950.0,,5,66.4,63,76,22
232552_899515,452.0 Park DR,BOSTON,2215.0,MR - Mid Rise,0.0,1999.0,23.0,5,74.8,62,90,21
229849_899687,205.0 Kelton ST,ALLSTON,2134.0,112 - APT 7-30 UNITS,2747746.0,1930.0,,5,82.4,74,90,21
228606_900661,41.0 Faneuil ST,BRIGHTON,2135.0,112 - APT 7-30 UNITS,8312400.0,1950.0,,5,66.4,63,76,22
230221_900024,5.0 SPOFFORD RD,ALLSTON,2134.0,LR - Low Rise,0.0,1999.0,16.0,5,75.2,64,89,21
228616_900755,41.0 Faneuil ST,BRIGHTON,2135.0,112 - APT 7-30 UNITS,8312400.0,1950.0,,5,66.4,63,76,22
228651_900656,41.0 Faneuil ST,BRIGHTON,2135.0,112 - APT 7-30 UNITS,8312400.0,1950.0,,5,66.4,63,76,22
232600_899577,459.0 Park DR,BOSTON,2215.0,121 - ROOMING HOUSE,1274300.0,1920.0,,5,66.6,65,70,21
228585_900778,41.0 Faneuil ST,BRIGHTON,2135.0,112 - APT 7-30 UNITS,8312400.0,1950.0,,5,66.4,63,76,22
229214_899592,139.0 Washington ST,BRIGHTON,2135.0,120 - LUXURY APARTMENT,79001700.0,2021.0,,5,69.8,65,77,21
228689_900730,41.0 Faneuil ST,BRIGHTON,2135.0,112 - APT 7-30 UNITS,8312400.0,1950.0,,5,66.4,63,76,22
228687_900649,41.0 Faneuil ST,BRIGHTON,2135.0,112 - APT 7-30 UNITS,8312400.0,1950.0,,5,66.4,63,76,22
228659_900753,41.0 Faneuil ST,BRIGHTON,2135.0,112 - APT 7-30 UNITS,8312400.0,1950.0,,5,66.4,63,76,22
230508_901126,23.0 Coolidge RD,ALLSTON,2134.0,TF - Two Fam Stack,1403000.0,1920.0,,5,74.6,62,93,22
228715_900701,41.0 Faneuil ST,BRIGHTON,2135.0,112 - APT 7-30 UNITS,8312400.0,1950.0,,5,66.4,63,76,22
229062_899476,2.0 LaRose PL,BRIGHTON,2135.0,LR - Low Rise,0.0,1999.0,25.0,4,70.8,63,74,21
227139_900349,19.0 MATCHETT ST,BRIGHTON,2135.0,TF - Two Fam Stack,1119700.0,1925.0,,4,79.0,75,86,22
229006_900279,96.0 Etna ST,BRIGHTON,2135.0,CV - Conventional,1105700.0,1900.0,,4,70.0,62,75,22
229797_900297,5.0 BARROWS ST,ALLSTON,2134.0,112 - APT 7-30 UNITS,4981351.0,1910.0,,4,71.8,66,84,21
228862_900132,17.0 SPARHAWK ST,BRIGHTON,2135.0,SL - Split Level,1013800.0,1955.0,,4,68.5,64,71,22
229781_899539,5.0 VINAL ST,ALLSTON,2134.0,LR - Low Rise,0.0,1999.0,26.0,4,74.5,69,81,21
227903_900257,272.0 Faneuil ST,BRIGHTON,2135.0,TF - Two Fam Stack,1016300.0,1930.0,,4,66.0,63,71,22
230320_900883,10.0 ALCOTT ST,ALLSTON,2134.0,CV - Conventional,1111900.0,1895.0,,4,71.5,64,92,22
228877_898812,56.0 SELKIRK RD,BRIGHTON,2135.0,112 - APT 7-30 UNITS,7095200.0,1930.0,,4,71.3,62,79,21
228502_898870,164.0 STRATHMORE RD,BRIGHTON,2135.0,MR - Mid Rise,0.0,1999.0,28.0,4,74.0,67,87,21
228442_899968,6.0 Leicester ST,BRIGHTON,2135.0,DK - Decker,1661000.0,1924.0,,4,83.8,81,86,22
228340_898929,5.0 SOUTH ST,BRIGHTON,2135.0,LR - Low Rise,0.0,1999.0,13.0,4,77.8,77,78,22
232858_899236,137.0 Peterborough ST,BOSTON,2215.0,MR - Mid Rise,0.0,1999.0,34.0,4,67.3,63,73,21
228950_898920,132.0 Sutherland RD,BRIGHTON,2135.0,LR - Low Rise,0.0,1999.0,130.0,4,72.5,68,79,21
230702_900541,40.0 Ashford ST,ALLSTON,2134.0,121 - ROOMING HOUSE,632900.0,1899.0,,4,68.3,64,73,21
228514_899021,145.0 Chiswick RD,BRIGHTON,2135.0,RM - Row Middle,0.0,1999.0,8.0,4,73.5,69,77,21
227651_899943,554.0 Washington ST,BRIGHTON,2135.0,DK - Decker,1234600.0,1915.0,,4,72.5,69,74,22
227618_899278,88.0 Lake ST,BRIGHTON,2135.0,CL - Colonial,1086300.0,1920.0,,4,74.3,68,78,22
229836_899696,201.0 Kelton ST,ALLSTON,2134.0,112 - APT 7-30 UNITS,2747746.0,1930.0,,4,73.0,68,83,21
229639_900955,17.0 Antwerp ST,BRIGHTON,2135.0,CV - Conventional,1236800.0,1905.0,,4,70.5,69,73,22
230748_900602,6.0 WADSWORTH ST,ALLSTON,2134.0,CL - Colonial,755600.0,1885.0,,4,71.5,68,74,21
229415_901178,43.0 Waverly ST,BRIGHTON,2135.0,TF - Two Fam Stack,1034000.0,1900.0,,4,63.0,62,64,22
229752_899552,5.0 VINAL ST,ALLSTON,2134.0,LR - Low Rise,0.0,1999.0,26.0,4,74.5,69,81,21
229555_900373,4.0 POMEROY ST,ALLSTON,2134.0,CL - Colonial,721000.0,1890.0,,4,73.8,66,89,21
230042_899698,15.0 WALBRIDGE ST,ALLSTON,2134.0,LR - Low Rise,0.0,1999.0,39.0,4,72.8,66,86,21
229103_898834,140.0 KILSYTH RD,BRIGHTON,2135.0,FS - Free Standing,0.0,1999.0,10.0,4,68.0,64,72,21
229019_900274,96.0 Etna ST,BRIGHTON,2135.0,CV - Conventional,1105700.0,1900.0,,4,70.0,62,75,22
228989_898919,132.0 Sutherland RD,BRIGHTON,2135.0,LR - Low Rise,0.0,1999.0,130.0,4,72.5,68,79,21
229588_900141,16.0 Ridgemont ST,ALLSTON,2134.0,SD - Semi-Det,718300.0,1880.0,,4,72.5,65,83,21
228842_900138,17.0 SPARHAWK ST,BRIGHTON,2135.0,DX - Duplex,0.0,1999.0,2.0,4,68.5,64,71,22
228958_898743,65.0 STRATHMORE RD,BRIGHTON,2135.0,LR - Low Rise,0.0,1999.0,34.0,4,71.8,63,79,21
228776_899421,35.0 BLENFORD RD,BRIGHTON,2135.0,TF - Two Fam Stack,846800.0,1930.0,,4,76.3,72,80,21
228986_898831,24.0 SELKIRK RD,BRIGHTON,2135.0,FS - Free Standing,0.0,1900.0,4.0,4,69.0,66,72,21
228932_898746,69.0 STRATHMORE RD,BRIGHTON,2135.0,LR - Low Rise,0.0,1999.0,22.0,4,69.3,66,71,21
228869_900470,16.0 GARDENA ST,BRIGHTON,2135.0,112 - APT 7-30 UNITS,2118700.0,1960.0,,4,66.5,65,68,22
228946_899184,67.0 NOTTINGHILL RD,BRIGHTON,2135.0,112 - APT 7-30 UNITS,2098300.0,1940.0,,4,70.3,62,76,21
228922_899599,21.0 SNOW ST,BRIGHTON,2135.0,TF - Two Fam Stack,1024000.0,1940.0,,4,79.0,62,87,22
228711_900198,330.0 Market ST,BRIGHTON,2135.0,121 - ROOMING HOUSE,2039900.0,1926.0,,4,85.0,79,99,22
227932_900099,55.0 Beechcroft ST,BRIGHTON,2135.0,DK - Decker,1397200.0,1925.0,,4,73.0,65,89,22
227905_900272,272.0 Faneuil ST,BRIGHTON,2135.0,TF - Two Fam Stack,1016300.0,1930.0,,4,66.0,63,71,22
227404_899334,99.0 Lake Shore RD,BRIGHTON,2135.0,LR - Low Rise,0.0,1999.0,354.0,3,76.3,62,84,22
229130_899516,91.0 CLAYMOSS RD,BRIGHTON,2135.0,TF - Two Fam Stack,1284700.0,1920.0,,3,72.3,62,90,21
227169_899440,99.0 Lake Shore RD,BRIGHTON,2135.0,LR - Low Rise,0.0,1999.0,354.0,3,76.3,62,84,22
228021_900270,162.0 ARLINGTON ST,BRIGHTON,2135.0,CV - Conventional,945500.0,1930.0,,3,71.0,62,87,22
227172_899618,99.0 Lake Shore RD,BRIGHTON,2135.0,LR - Low Rise,0.0,1999.0,354.0,3,76.3,62,84,22
227176_899498,99.0 Lake Shore RD,BRIGHTON,2135.0,LR - Low Rise,0.0,1999.0,354.0,3,76.3,62,84,22
229261_898935,40.0 Cummings RD,BRIGHTON,2135.0,LR - Low Rise,0.0,1999.0,18.0,3,77.3,76,78,21
229242_899378,31.0 CLAYMOSS RD,BRIGHTON,2135.0,TF - Two Fam Stack,1032600.0,1920.0,,3,75.0,68,83,21
229151_899139,6.0 Colborne RD,BRIGHTON,2135.0,RE - Row End,0.0,1999.0,3.0,3,85.0,72,97,21
229104_898804,146.0 KILSYTH RD,BRIGHTON,2135.0,CL - Colonial,1097200.0,1920.0,,3,77.0,64,87,21
229067_898903,127.0 KILSYTH RD,BRIGHTON,2135.0,FS - Free Standing,0.0,1999.0,7.0,3,74.3,71,77,21
229597_899909,122.0 WARREN ST,BRIGHTON,2135.0,112 - APT 7-30 UNITS,3276900.0,1920.0,,3,74.3,64,80,21
229344_899337,88.0 Washington ST,BRIGHTON,2135.0,113 - APT 31-99 UNITS,5993000.0,1935.0,,3,68.7,64,74,21
228486_899259,8.0 WILTSHIRE RD,BRIGHTON,2135.0,CV - Conventional,1512400.0,1944.0,,3,69.7,64,74,22
228139_899914,461.0 Washington ST,BRIGHTON,2135.0,LR - Low Rise,0.0,1999.0,24.0,3,71.3,62,79,22
228174_899163,218.0 Foster ST,BRIGHTON,2135.0,113 - APT 31-99 UNITS,7517100.0,1945.0,,3,79.0,69,89,22
228154_898978,18.0 Radnor RD,BRIGHTON,2135.0,"971 - RECTORY, CONVENT",1207200.0,1910.0,,3,82.7,75,88,22
230039_901054,30.0 Aldie ST,ALLSTON,2134.0,CV - Conventional,1535900.0,1930.0,,3,72.0,63,78,22
230114_900925,62.0 Adamson ST,ALLSTON,2134.0,TF - Two Fam Stack,1229500.0,1933.0,,3,69.0,66,72,22
226911_900115,106.0 Tremont ST,BRIGHTON,2135.0,113 - APT 31-99 UNITS,12350900.0,1970.0,,3,66.7,63,73,22
227507_899593,82.0 Kenrick ST,BRIGHTON,2135.0,FS - Free Standing,0.0,1930.0,2.0,3,72.0,63,89,22
230375_899834,30.0 Brainerd RD,ALLSTON,2134.0,CV - Conventional,1029100.0,1900.0,,3,87.0,81,90,21
230357_899868,29.0 Brainerd RD,ALLSTON,2134.0,LR - Low Rise,0.0,1999.0,33.0,3,75.3,74,76,21
230968_901100,3.0 AMBOY ST,ALLSTON,2134.0,CL - Colonial,795300.0,1900.0,,3,66.3,64,70,22
228188_899200,218.0 Foster ST,BRIGHTON,2135.0,113 - APT 31-99 UNITS,7517100.0,1945.0,,3,79.0,69,89,22
227219_899591,99.0 Lake Shore RD,BRIGHTON,2135.0,LR - Low Rise,0.0,1999.0,354.0,3,76.3,62,84,22
228694_899649,48.0 WINSHIP ST,BRIGHTON,2135.0,CL - Colonial,566100.0,1910.0,,3,65.0,63,67,22
228229_899180,218.0 Foster ST,BRIGHTON,2135.0,113 - APT 31-99 UNITS,7517100.0,1945.0,,3,79.0,69,89,22
228229_899135,218.0 Foster ST,BRIGHTON,2135.0,113 - APT 31-99 UNITS,7517100.0,1945.0,,3,79.0,69,89,22
228252_899184,218.0 Foster ST,BRIGHTON,2135.0,113 - APT 31-99 UNITS,7517100.0,1945.0,,3,79.0,69,89,22
227657_899588,42.0 Kenrick ST,BRIGHTON,2135.0,CV - Conventional,1771400.0,1920.0,,3,70.3,69,72,22
227344_900197,16.0 Bigelow ST,BRIGHTON,2135.0,DK - Decker,1435900.0,1925.0,,3,90.0,87,95,22
228278_898910,27.0 SOUTH ST,BRIGHTON,2135.0,FS - Free Standing,0.0,1999.0,3.0,3,69.0,62,83,22
227741_899584,26.0 Kenrick ST,BRIGHTON,2135.0,TF - Two Fam Stack,1173900.0,1920.0,,3,70.7,70,71,22
227111_899520,99.0 Lake Shore RD,BRIGHTON,2135.0,LR - Low Rise,0.0,1999.0,354.0,3,76.3,62,84,22
228244_899990,29.0 Foster ST,BRIGHTON,2135.0,CV - Conventional,982900.0,1901.0,,3,70.3,67,74,22
227001_900564,50.0 BURTON ST,BRIGHTON,2135.0,CV - Conventional,1118700.0,1900.0,,3,75.0,64,94,22
227286_899227,99.0 Lake Shore RD,BRIGHTON,2135.0,LR - Low Rise,0.0,1999.0,354.0,3,76.3,62,84,22
227105_899612,99.0 Lake Shore RD,BRIGHTON,2135.0,LR - Low Rise,0.0,1999.0,354.0,3,76.3,62,84,22
228339_900970,1800.0 Soldiers Field RD,BRIGHTON,2135.0,301 - MOTEL,5425100.0,1955.0,,3,64.0,62,67,22
227316_899352,99.0 Lake Shore RD,BRIGHTON,2135.0,LR - Low Rise,0.0,1999.0,354.0,3,76.3,62,84,22
228416_900375,17.0 HARRIET ST,BRIGHTON,2135.0,TF - Two Fam Stack,1198500.0,1925.0,,3,67.0,66,68,22
228411_900363,17.0 HARRIET ST,BRIGHTON,2135.0,TF - Two Fam Stack,1198500.0,1925.0,,3,67.0,66,68,22
227742_900587,208.0 Bigelow ST,BRIGHTON,2135.0,TF - Two Fam Stack,893900.0,1983.0,,3,67.7,66,70,22
227668_899581,42.0 Kenrick ST,BRIGHTON,2135.0,CV - Conventional,1771400.0,1920.0,,3,70.3,69,72,22
226993_900517,38.0 BURTON ST,BRIGHTON,2135.0,CV - Conventional,1110300.0,1910.0,,3,80.7,67,90,22
227785_900623,1.0 GERRISH ST,BRIGHTON,2135.0,CP - Cape,575300.0,1960.0,,3,70.0,68,74,22
227346_900209,16.0 Bigelow ST,BRIGHTON,2135.0,DK - Decker,1435900.0,1925.0,,3,90.0,87,95,22
228421_900448,116.0 Parsons ST,BRIGHTON,2135.0,CL - Colonial,770900.0,1930.0,,3,75.3,72,79,22
227019_900553,50.0 BURTON ST,BRIGHTON,2135.0,CV - Conventional,1118700.0,1900.0,,3,75.0,64,94,22
228243_899162,218.0 Foster ST,BRIGHTON,2135.0,113 - APT 31-99 UNITS,7517100.0,1945.0,,3,79.0,69,89,22
227358_899257,99.0 Lake Shore RD,BRIGHTON,2135.0,LR - Low Rise,0.0,1999.0,354.0,3,76.3,62,84,22
228491_899977,15.0 Leicester ST,BRIGHTON,2135.0,112 - APT 7-30 UNITS,5924000.0,1965.0,,3,65.7,62,68,22
228209_899190,218.0 Foster ST,BRIGHTON,2135.0,113 - APT 31-99 UNITS,7517100.0,1945.0,,3,79.0,69,89,22
228198_899215,218.0 Foster ST,BRIGHTON,2135.0,113 - APT 31-99 UNITS,7517100.0,1945.0,,3,79.0,69,89,22
228559_900067,375.0 Market ST,BRIGHTON,2135.0,120 - LUXURY APARTMENT,21747200.0,2012.0,,3,78.3,75,81,22
227082_899568,99.0 Lake Shore RD,BRIGHTON,2135.0,LR - Low Rise,0.0,1999.0,354.0,3,76.3,62,84,22
232487_899665,900.0 BEACON ST,BOSTON,2215.0,113 - APT 31-99 UNITS,15438200.0,2015.0,,3,79.3,72,84,21
228191_900492,183.0 Faneuil ST,BRIGHTON,2135.0,CV - Conventional,782400.0,1910.0,,3,66.0,63,69,22
228178_899180,218.0 Foster ST,BRIGHTON,2135.0,113 - APT 31-99 UNITS,7517100.0,1945.0,,3,79.0,69,89,22
230918_901138,35.0 Seattle ST,ALLSTON,2134.0,CL - Colonial,865500.0,1920.0,,3,67.3,64,73,22
232883_899128,219.0 Park DR,BOSTON,2215.0,113 - APT 31-99 UNITS,9873800.0,1927.0,,3,69.0,63,75,21
227766_899809,23.0 Greymere RD,BRIGHTON,2135.0,CL - Colonial,723900.0,1925.0,,3,71.7,62,77,22
230672_900169,26.0 Fordham RD,ALLSTON,2134.0,DK - Decker,1678800.0,1920.0,,3,72.0,71,74,21
227222_899354,99.0 Lake Shore RD,BRIGHTON,2135.0,LR - Low Rise,0.0,1999.0,354.0,3,76.3,62,84,22
230427_901048,51.0 Coolidge RD,ALLSTON,2134.0,CL - Colonial,1054900.0,1900.0,,3,72.7,64,88,22
228200_899171,218.0 Foster ST,BRIGHTON,2135.0,113 - APT 31-99 UNITS,7517100.0,1945.0,,3,79.0,69,89,22
230676_900484,101.0 CHESTER ST,ALLSTON,2134.0,CV - Conventional,1356200.0,1885.0,,3,77.3,73,84,21
230230_901168,80.0 BRENTWOOD ST,ALLSTON,2134.0,TF - Two Fam Stack,1516400.0,1928.0,,3,81.7,75,94,22
228538_900062,375.0 Market ST,BRIGHTON,2135.0,120 - LUXURY APARTMENT,21747200.0,2012.0,,3,78.3,75,81,22
228221_899162,218.0 Foster ST,BRIGHTON,2135.0,113 - APT 31-99 UNITS,7517100.0,1945.0,,3,79.0,69,89,22
227245_899499,99.0 Lake Shore RD,BRIGHTON,2135.0,LR - Low Rise,0.0,1999.0,354.0,3,76.3,62,84,22
227253_899582,99.0 Lake Shore RD,BRIGHTON,2135.0,LR - Low Rise,0.0,1999.0,354.0,3,76.3,62,84,22
228256_899850,60.0 Foster ST,BRIGHTON,2135.0,SD - Semi-Det,969700.0,1915.0,,3,76.0,63,96,22
230204_901304,44.0 Raymond ST,ALLSTON,2134.0,CV - Conventional,1265700.0,2018.0,,3,71.3,63,87,22
228255_900123,87.0 SURREY ST,BRIGHTON,2135.0,CV - Conventional,1199000.0,1890.0,,3,72.3,63,82,22
227344_899377,99.0 Lake Shore RD,BRIGHTON,2135.0,LR - Low Rise,0.0,1999.0,354.0,3,76.3,62,84,22
230187_900899,80.0 Adamson ST,ALLSTON,2134.0,CV - Conventional,1571800.0,1920.0,,3,71.3,67,77,22
230142_899664,90.0 Brainerd RD,ALLSTON,2134.0,RM - Row Middle,0.0,1999.0,21.0,3,72.7,72,74,21
227274_899708,32.0 BRAYTON RD,BRIGHTON,2135.0,RN - Ranch,848300.0,1955.0,,3,78.3,65,87,22
227305_899267,99.0 Lake Shore RD,BRIGHTON,2135.0,LR - Low Rise,0.0,1999.0,354.0,3,76.3,62,84,22
227296_899306,99.0 Lake Shore RD,BRIGHTON,2135.0,LR - Low Rise,0.0,1999.0,354.0,3,76.3,62,84,22
227295_899400,99.0 Lake Shore RD,BRIGHTON,2135.0,LR - Low Rise,0.0,1999.0,354.0,3,76.3,62,84,22
230096_900853,8.0 Eric RD,ALLSTON,2134.0,TF - Two Fam Stack,1190400.0,1910.0,,3,65.0,63,67,22
230150_900088,14.0 RADCLIFFE RD,ALLSTON,2134.0,LR - Low Rise,0.0,1999.0,19.0,3,74.3,66,87,21
227307_900245,33.0 CHAMPNEY ST,BRIGHTON,2135.0,CV - Conventional,973500.0,1909.0,,3,70.7,63,83,22
227276_899443,99.0 Lake Shore RD,BRIGHTON,2135.0,LR - Low Rise,0.0,1999.0,354.0,3,76.3,62,84,22
230029_901036,30.0 Aldie ST,ALLSTON,2134.0,CV - Conventional,1535900.0,1930.0,,3,72.0,63,78,22
229974_899481,61.0 BELLVISTA RD,ALLSTON,2134.0,TF - Two Fam Stack,1100200.0,1955.0,,3,71.7,62,77,21
230079_900129,20.0 RADCLIFFE RD,ALLSTON,2134.0,LR - Low Rise,0.0,1999.0,48.0,3,72.7,65,84,21
230182_901383,9.0 EVERETT SQ,ALLSTON,2134.0,LR - Low Rise,0.0,1910.0,2.0,3,66.3,63,71,22
230733_901060,9.0 Hopedale ST,ALLSTON,2134.0,CL - Colonial,847800.0,1896.0,,3,67.0,65,71,22
228254_900236,75.0 Bennett ST,BRIGHTON,2135.0,TF - Two Fam Stack,1012300.0,1920.0,,3,73.7,65,78,22
229805_900198,41.0 Imrie RD,ALLSTON,2134.0,CV - Conventional,1096500.0,1885.0,,3,73.0,72,74,21
227196_899860,63.0 BRAYTON RD,BRIGHTON,2135.0,TF - Two Fam Stack,876700.0,1925.0,,3,77.7,62,87,22
229746_901183,114.0 Holton ST,BRIGHTON,2135.0,CV - Conventional,1149700.0,1920.0,,3,72.7,64,89,22
227531_900218,365.0 Faneuil ST,BRIGHTON,2135.0,LR - Low Rise,0.0,1999.0,16.0,3,64.7,64,65,22
228133_900463,205.0 Faneuil ST,BRIGHTON,2135.0,CV - Conventional,1098200.0,1900.0,,3,71.3,70,74,22
229940_900942,5.0 Adamson ST,ALLSTON,2134.0,TF - Two Fam Stack,897600.0,1920.0,,3,85.3,81,94,22
229645_900377,16.0 GORDON ST,ALLSTON,2134.0,CV - Conventional,1866400.0,1885.0,,3,80.3,74,84,21
228091_899076,285.0 Foster ST,BRIGHTON,2135.0,CV - Conventional,1366200.0,1920.0,,3,70.0,68,74,22
229621_900367,16.0 GORDON ST,ALLSTON,2134.0,CV - Conventional,1866400.0,1885.0,,3,80.3,74,84,21
226934_900078,106.0 Tremont ST,BRIGHTON,2135.0,113 - APT 31-99 UNITS,12350900.0,1970.0,,3,66.7,63,73,22
229631_901082,6.0 CYGNET ST,BRIGHTON,2135.0,CV - Conventional,1203500.0,1900.0,,3,67.7,63,76,22
229706_900191,44.0 GORDON ST,ALLSTON,2134.0,TF - Two Fam Stack,1376700.0,1920.0,,3,73.0,68,81,21
229945_900271,20.0 Armington ST,ALLSTON,2134.0,112 - APT 7-30 UNITS,5956900.0,1920.0,,3,65.3,63,70,21
228392_900483,126.0 Parsons ST,BRIGHTON,2135.0,CP - Cape,647600.0,1945.0,,3,67.7,64,70,22
227179_900137,656.0 Washington ST,BRIGHTON,2135.0,CV - Conventional,1253400.0,1925.0,,3,76.3,75,78,22
229423_898965,7.0 Cummings RD,BRIGHTON,2135.0,FS - Free Standing,0.0,1999.0,9.0,3,68.0,62,72,21
229319_901132,16.0 PORTSMOUTH ST,BRIGHTON,2135.0,TH - Town House,0.0,1999.0,8.0,3,78.0,76,81,22
229293_898893,71.0 KILSYTH RD,BRIGHTON,2135.0,112 - APT 7-30 UNITS,8237900.0,1910.0,,3,71.7,66,75,21
227177_899533,99.0 Lake Shore RD,BRIGHTON,2135.0,LR - Low Rise,0.0,1999.0,354.0,3,76.3,62,84,22
229270_900404,93.0 DUSTIN ST,BRIGHTON,2135.0,CL - Colonial,1469400.0,1891.0,,3,81.3,79,86,21
229252_898958,40.0 Cummings RD,BRIGHTON,2135.0,LR - Low Rise,0.0,1999.0,18.0,3,77.3,76,78,21
229291_899381,108.0 Washington ST,BRIGHTON,2135.0,LR - Low Rise,0.0,1999.0,25.0,3,79.0,68,88,21
229192_899473,140.0 Washington ST,BRIGHTON,2135.0,CV - Conventional,1196200.0,1920.0,,3,82.3,65,94,21
229186_899459,140.0 Washington ST,BRIGHTON,2135.0,CV - Conventional,1196200.0,1920.0,,3,82.3,65,94,21
229183_898799,23.0 Lanark RD,BRIGHTON,2135.0,113 - APT 31-99 UNITS,6528600.0,1920.0,,3,71.0,65,83,21
229292_899462,105.0 Washington ST,BRIGHTON,2135.0,113 - APT 31-99 UNITS,29888500.0,2021.0,,3,73.0,65,80,21
229162_898961,105.0 KILSYTH RD,BRIGHTON,2135.0,TF - Two Fam Stack,1187300.0,1930.0,,3,64.3,62,67,21
229149_899147,8.0 Colborne RD,BRIGHTON,2135.0,SD - Semi-Det,1505800.0,1915.0,,3,68.0,63,72,21
229165_898980,105.0 KILSYTH RD,BRIGHTON,2135.0,TF - Two Fam Stack,1187300.0,1930.0,,3,64.3,62,67,21
229108_899550,7.0 MONASTERY RD,BRIGHTON,2135.0,FS - Free Standing,0.0,1935.0,3.0,3,67.0,64,71,21
228010_900776,43.0 Riverview RD,BRIGHTON,2135.0,CL - Colonial,990300.0,1920.0,,3,73.3,73,74,22
229121_899501,91.0 CLAYMOSS RD,BRIGHTON,2135.0,TF - Two Fam Stack,1284700.0,1920.0,,3,72.3,62,90,21
229178_899317,76.0 EUSTON RD,BRIGHTON,2135.0,112 - APT 7-30 UNITS,2730200.0,1965.0,,3,82.3,80,84,21
229089_900172,55.0 Murdock ST,BRIGHTON,2135.0,TF - Two Fam Stack,1117500.0,1930.0,,3,68.7,66,70,22
229036_900432,47.0 Etna ST,BRIGHTON,2135.0,CV - Conventional,1072300.0,1910.0,,3,76.0,71,84,22
229094_900185,55.0 Murdock ST,BRIGHTON,2135.0,TF - Two Fam Stack,1117500.0,1930.0,,3,68.7,66,70,22
227845_900327,11.0 HOBSON ST,BRIGHTON,2135.0,CV - Conventional,1108200.0,1916.0,,3,72.7,70,75,22
228026_900257,162.0 ARLINGTON ST,BRIGHTON,2135.0,CV - Conventional,945500.0,1930.0,,3,71.0,62,87,22
229010_898820,14.0 SELKIRK RD,BRIGHTON,2135.0,FS - Free Standing,0.0,1999.0,3.0,3,66.3,62,74,21
229029_900328,80.0 Etna ST,BRIGHTON,2135.0,RN - Ranch,637600.0,1960.0,,3,67.7,62,73,22
228996_898872,111.0 Sutherland RD,BRIGHTON,2135.0,FS - Free Standing,0.0,1890.0,3.0,3,73.0,63,79,21
229182_899434,61.0 CLAYMOSS RD,BRIGHTON,2135.0,TF - Two Fam Stack,1090900.0,1927.0,,3,71.0,62,86,21
229096_899466,86.0 CLAYMOSS RD,BRIGHTON,2135.0,CV - Conventional,1233000.0,1920.0,,3,72.3,68,75,21
228951_898781,85.0 Sutherland RD,BRIGHTON,2135.0,112 - APT 7-30 UNITS,7618800.0,1965.0,,3,72.0,71,73,21
227455_899273,99.0 Lake Shore RD,BRIGHTON,2135.0,LR - Low Rise,0.0,1999.0,354.0,3,76.3,62,84,22
228942_899230,62.0 NOTTINGHILL RD,BRIGHTON,2135.0,TF - Two Fam Stack,1362700.0,1968.0,,3,75.3,63,96,21
228909_898810,84.0 Sutherland RD,BRIGHTON,2135.0,112 - APT 7-30 UNITS,3233000.0,1930.0,,3,79.7,74,84,21
227917_900553,74.0 HOBART ST,BRIGHTON,2135.0,CV - Conventional,1064700.0,1940.0,,3,80.0,62,91,22
228893_899261,50.0 NOTTINGHILL RD,BRIGHTON,2135.0,TF - Two Fam Stack,1172300.0,1930.0,,3,74.3,69,82,21
228958_899276,80.0 NOTTINGHILL RD,BRIGHTON,2135.0,FS - Free Standing,0.0,1999.0,3.0,3,71.0,68,76,21
228869_900245,34.0 Mapleton ST,BRIGHTON,2135.0,CV - Conventional,1274300.0,1904.0,,3,74.0,73,75,22
228833_899580,45.0 SHANNON ST,BRIGHTON,2135.0,TF - Two Fam Stack,920600.0,1943.0,,3,66.3,63,68,22
227438_899339,99.0 Lake Shore RD,BRIGHTON,2135.0,LR - Low Rise,0.0,1999.0,354.0,3,76.3,62,84,22
226917_900405,10.0 BURTON ST,BRIGHTON,2135.0,CL - Colonial,834900.0,1960.0,,3,83.3,68,93,22
228838_900402,9.0 MORROW RD,BRIGHTON,2135.0,TF - Two Fam Stack,967500.0,1925.0,,3,76.3,66,94,22
228892_899240,50.0 NOTTINGHILL RD,BRIGHTON,2135.0,TF - Two Fam Stack,1172300.0,1930.0,,3,74.3,69,82,21
228804_898855,66.0 Chiswick RD,BRIGHTON,2135.0,113 - APT 31-99 UNITS,10286400.0,1910.0,,3,66.0,66,66,21
228808_900417,262.0 Market ST,BRIGHTON,2135.0,DK - Decker,1413800.0,1925.0,,3,73.0,64,89,22
227886_899821,11.0 DICKINSON RD,BRIGHTON,2135.0,TF - Two Fam Stack,968900.0,1920.0,,3,72.0,67,78,22
228819_900153,19.0 SPARHAWK ST,BRIGHTON,2135.0,FS - Free Standing,0.0,1999.0,3.0,3,77.7,73,82,22
227868_900675,15.0 OLIVA RD,BRIGHTON,2135.0,TF - Two Fam Stack,962000.0,1925.0,,3,69.0,67,71,22
228769_898777,98.0 STRATHMORE RD,BRIGHTON,2135.0,112 - APT 7-30 UNITS,3797300.0,1925.0,,3,69.0,62,73,21
228763_899055,7.0 Wallingford RD,BRIGHTON,2135.0,RM - Row Middle,878700.0,1910.0,,3,69.3,64,72,21
227889_900559,82.0 HOBART ST,BRIGHTON,2135.0,TF - Two Fam Stack,1086800.0,1905.0,,3,72.3,70,76,22
228754_899374,27.0 Priscilla RD,BRIGHTON,2135.0,TF - Two Fam Stack,1123900.0,1925.0,,3,79.0,66,89,21
228768_900506,8.0 SEAGER CT,BRIGHTON,2135.0,DX - Duplex,1350200.0,1880.0,,3,67.0,63,71,22
228831_899487,60.0 Union ST,BRIGHTON,2135.0,DK - Decker,1435000.0,1935.0,,3,77.7,69,84,21
227897_900573,82.0 HOBART ST,BRIGHTON,2135.0,TF - Two Fam Stack,1086800.0,1905.0,,3,72.3,70,76,22
228824_900178,19.0 SPARHAWK ST,BRIGHTON,2135.0,CN - Contemporary,1112000.0,1900.0,,3,77.7,73,82,22
228748_898735,20.0 BRAEMORE RD,BRIGHTON,2135.0,TF - Two Fam Stack,1526200.0,1920.0,,3,66.3,66,67,21
228738_899376,27.0 Priscilla RD,BRIGHTON,2135.0,TF - Two Fam Stack,1123900.0,1925.0,,3,79.0,66,89,21
228730_899362,27.0 Priscilla RD,BRIGHTON,2135.0,CV - Conventional,1234200.0,1925.0,,3,79.0,66,89,21
228721_900822,40.0 VINELAND ST,BRIGHTON,2135.0,TF - Two Fam Stack,890600.0,2002.0,,3,71.0,71,71,22
228712_899401,27.0 Priscilla RD,BRIGHTON,2135.0,CV - Conventional,1149100.0,1927.0,,3,79.0,66,89,21
228713_898780,114.0 STRATHMORE RD,BRIGHTON,2135.0,LR - Low Rise,0.0,1999.0,23.0,3,74.3,67,78,21
228915_899583,25.0 SNOW ST,BRIGHTON,2135.0,TF - Two Fam Stack,735500.0,1920.0,,3,74.3,64,81,22
227863_900651,15.0 OLIVA RD,BRIGHTON,2135.0,TF - Two Fam Stack,962000.0,1925.0,,3,69.0,67,71,22
228988_899524,24.0 LaRose PL,BRIGHTON,2135.0,TF - Two Fam Stack,986500.0,1935.0,,3,73.0,62,92,21
227927_900566,74.0 HOBART ST,BRIGHTON,2135.0,CV - Conventional,1064700.0,1940.0,,3,80.0,62,91,22
228675_899380,81.0 Wallingford RD,BRIGHTON,2135.0,CV - Conventional,1603700.0,1935.0,,2,89.0,86,92,21
226912_900041,125.0 NONANTUM ST,BRIGHTON,2135.0,CV - Conventional,1010700.0,1890.0,,2,66.5,65,68,22
228685_899446,20.0 Priscilla RD,BRIGHTON,2135.0,CV - Conventional,1227100.0,1925.0,,2,65.5,62,69,21
228668_899335,78.0 Wallingford RD,BRIGHTON,2135.0,TF - Two Fam Stack,1214800.0,1910.0,,2,75.5,75,76,21
227133_899726,23.0 MARGO RD,BRIGHTON,2135.0,RN - Ranch,650400.0,1954.0,,2,76.5,76,77,22
228668_899502,14.0 LYNE RD,BRIGHTON,2135.0,TF - Two Fam Stack,1021100.0,1935.0,,2,74.5,74,75,21
228657_899510,14.0 LYNE RD,BRIGHTON,2135.0,TF - Two Fam Stack,1021100.0,1935.0,,2,74.5,74,75,21
227859_899598,185.0 Lake ST,BRIGHTON,2135.0,CV - Conventional,1163100.0,1830.0,,2,80.5,66,95,22
227392_900684,120.0 Newton ST,BRIGHTON,2135.0,CL - Colonial,838100.0,1987.0,,2,75.0,74,76,22
227021_899758,112.0 HUNTINGTON RD,BRIGHTON,2135.0,FS - Free Standing,0.0,1999.0,10.0,2,78.5,67,90,22
228692_900829,46.0 VINELAND ST,BRIGHTON,2135.0,CL - Colonial,645700.0,1900.0,,2,72.5,71,74,22
228627_899770,24.0 Peaceable ST,BRIGHTON,2135.0,111 - APT 4-6 UNITS,1470600.0,1970.0,,2,68.0,62,74,22
228595_900392,118.0 Leicester ST,BRIGHTON,2135.0,CL - Colonial,836800.0,1880.0,,2,74.0,70,78,22
227130_900402,26.0 MATCHETT ST,BRIGHTON,2135.0,TF - Two Fam Stack,1127100.0,1920.0,,2,75.5,72,79,22
228585_898995,129.0 Chiswick RD,BRIGHTON,2135.0,MR - Mid Rise,0.0,1999.0,19.0,2,67.0,63,71,21
227850_900358,17.0 HOBSON ST,BRIGHTON,2135.0,CV - Conventional,1378300.0,1870.0,,2,72.0,72,72,22
228651_900170,339.0 Market ST,BRIGHTON,2135.0,CV - Conventional,911700.0,1890.0,,2,84.0,80,88,22
227842_900535,66.0 HOBSON ST,BRIGHTON,2135.0,CV - Conventional,1194300.0,1895.0,,2,66.5,65,68,22
227834_899294,117.0 Lake ST,BRIGHTON,2135.0,351 - TRAINING /PRIV EDUC,13647200.0,1964.0,,2,75.5,75,76,22
228565_898783,144.0 STRATHMORE RD,BRIGHTON,2135.0,TF - Two Fam Stack,1235100.0,1920.0,,2,64.5,64,65,21
226967_900345,715.0 Washington ST,BRIGHTON,2135.0,CV - Conventional,1029300.0,1925.0,,2,66.0,64,68,22
227827_900185,74.0 TURNER ST,BRIGHTON,2135.0,TF - Two Fam Stack,1035900.0,1925.0,,2,67.0,63,71,22
227359_899673,11.0 BRAYTON RD,BRIGHTON,2135.0,BW - Bungalow,714200.0,1929.0,,2,71.5,71,72,22
228533_900123,22.0 Bennett ST,BRIGHTON,2135.0,DK - Decker,1208500.0,1917.0,,2,80.0,67,93,22
228543_898949,15.0 LOTHIAN RD,BRIGHTON,2135.0,112 - APT 7-30 UNITS,4889800.0,1930.0,,2,64.5,63,66,21
228573_900456,108.0 Goodenough ST,BRIGHTON,2135.0,CL - Colonial,1020300.0,1900.0,,2,74.0,72,76,22
228516_900052,37.0 Leicester ST,BRIGHTON,2135.0,CV - Conventional,1631800.0,1910.0,,2,77.0,75,79,22
227127_899656,183.0 Kenrick ST,BRIGHTON,2135.0,CL - Colonial,1162200.0,2014.0,,2,69.5,63,76,22
228516_900348,85.0 Parsons ST,BRIGHTON,2135.0,CL - Colonial,1157600.0,1875.0,,2,64.0,63,65,22
227820_899999,28.0 TURNER ST,BRIGHTON,2135.0,CV - Conventional,1155300.0,1910.0,,2,72.0,69,75,22
227354_900286,28.0 Bigelow ST,BRIGHTON,2135.0,DK - Decker,1265200.0,1910.0,,2,67.5,63,72,22
228514_900371,87.0 Parsons ST,BRIGHTON,2135.0,CL - Colonial,810500.0,1929.0,,2,74.0,71,77,22
228523_900482,92.0 Goodenough ST,BRIGHTON,2135.0,CL - Colonial,799000.0,1928.0,,2,69.0,67,71,22
228500_900053,37.0 Leicester ST,BRIGHTON,2135.0,CV - Conventional,1631800.0,1910.0,,2,77.0,75,79,22
227811_900571,70.0 Brooks ST,BRIGHTON,2135.0,CV - Conventional,1113100.0,1910.0,,2,69.0,68,70,22
228497_900464,89.0 Goodenough ST,BRIGHTON,2135.0,BW - Bungalow,735800.0,1927.0,,2,75.0,71,79,22
226966_899950,129.0 BRAYTON RD,BRIGHTON,2135.0,BW - Bungalow,691700.0,1925.0,,2,70.5,69,72,22
227349_900354,36.0 Bigelow ST,BRIGHTON,2135.0,TF - Two Fam Stack,985300.0,1910.0,,2,64.0,64,64,22
228489_900562,68.0 Goodenough ST,BRIGHTON,2135.0,CV - Conventional,896300.0,1930.0,,2,79.0,63,95,22
228496_900175,29.0 Bennett ST,BRIGHTON,2135.0,CL - Colonial,882700.0,1925.0,,2,74.5,74,75,22
228460_900613,100.0 Faneuil ST,BRIGHTON,2135.0,TF - Two Fam Stack,1084000.0,1935.0,,2,66.5,66,67,22
228450_900619,100.0 Faneuil ST,BRIGHTON,2135.0,TF - Two Fam Stack,1084000.0,1935.0,,2,66.5,66,67,22
228470_900215,61.0 Parsons ST,BRIGHTON,2135.0,TF - Two Fam Stack,1195000.0,1920.0,,2,72.5,65,80,22
228443_899198,18.0 HATHERLY RD,BRIGHTON,2135.0,FS - Free Standing,0.0,1920.0,2.0,2,70.0,67,73,22
228442_900291,67.0 ARLINGTON ST,BRIGHTON,2135.0,DK - Decker,1309900.0,1940.0,,2,75.5,72,79,22
228448_900656,99.0 Faneuil ST,BRIGHTON,2135.0,CL - Colonial,702600.0,1920.0,,2,69.5,67,72,22
228473_900096,46.0 Leicester ST,BRIGHTON,2135.0,CV - Conventional,1381300.0,1899.0,,2,69.5,63,76,22
228436_899727,46.0 DIGHTON ST,BRIGHTON,2135.0,CV - Conventional,1261700.0,1900.0,,2,72.5,72,73,22
227116_900527,40.0 Bellamy ST,BRIGHTON,2135.0,CP - Cape,791600.0,1961.0,,2,81.0,79,83,22
228436_900247,64.0 Parsons ST,BRIGHTON,2135.0,CV - Conventional,1051200.0,1890.0,,2,62.0,62,62,22
228424_900557,7.0 NILES ST,BRIGHTON,2135.0,CL - Colonial,787300.0,1922.0,,2,73.5,72,75,22
227115_900415,26.0 MATCHETT ST,BRIGHTON,2135.0,TF - Two Fam Stack,1127100.0,1920.0,,2,75.5,72,79,22
228430_899534,107.0 Academy Hill RD,BRIGHTON,2135.0,CL - Colonial,1260300.0,1901.0,,2,83.5,83,84,22
228474_900447,103.0 Parsons ST,BRIGHTON,2135.0,CV - Conventional,1226400.0,1910.0,,2,67.0,64,70,22
228533_899003,137.0 Chiswick RD,BRIGHTON,2135.0,RE - Row End,0.0,1999.0,16.0,2,78.0,78,78,21
228696_899408,23.0 Priscilla RD,BRIGHTON,2135.0,CV - Conventional,1073600.0,1930.0,,2,79.0,77,81,21
228403_899535,16.0 RUSHMORE ST,BRIGHTON,2135.0,DX - Duplex,1340800.0,1880.0,,2,73.5,72,75,22
227114_899773,112.0 HUNTINGTON RD,BRIGHTON,2135.0,FS - Free Standing,0.0,1999.0,10.0,2,78.5,67,90,22
228406_900332,18.0 HARRIET ST,BRIGHTON,2135.0,CL - Colonial,851600.0,1880.0,,2,73.5,69,78,22
228395_900421,17.0 MADELINE ST,BRIGHTON,2135.0,CP - Cape,779000.0,1935.0,,2,71.0,71,71,22
228393_899551,16.0 RUSHMORE ST,BRIGHTON,2135.0,DX - Duplex,1340800.0,1880.0,,2,73.5,72,75,22
228399_900301,77.0 ARLINGTON ST,BRIGHTON,2135.0,CV - Conventional,1040600.0,1890.0,,2,79.5,67,92,22
228408_899114,11.0 EMBASSY RD,BRIGHTON,2135.0,112 - APT 7-30 UNITS,5322500.0,1965.0,,2,81.0,81,81,22
227004_900371,14.0 PRESENTATION RD,BRIGHTON,2135.0,TF - Two Fam Stack,1209100.0,1925.0,,2,75.0,72,78,22
227328_900452,67.0 Perthshire RD,BRIGHTON,2135.0,CV - Conventional,1220100.0,1915.0,,2,85.5,82,89,22
228384_899223,32.0 HATHERLY RD,BRIGHTON,2135.0,CV - Conventional,1275400.0,1926.0,,2,75.5,75,76,22
228370_900605,128.0 Faneuil ST,BRIGHTON,2135.0,TF - Two Fam Stack,860100.0,1925.0,,2,72.5,68,77,22
226958_900331,715.0 Washington ST,BRIGHTON,2135.0,CV - Conventional,1029300.0,1925.0,,2,66.0,64,68,22
228368_900309,85.0 ARLINGTON ST,BRIGHTON,2135.0,CL - Colonial,861700.0,1890.0,,2,80.5,76,85,22
228375_900248,5.0 ARLINGTON CT,BRIGHTON,2135.0,CL - Colonial,766500.0,1920.0,,2,79.0,77,81,22
228390_900334,20.0 HARRIET ST,BRIGHTON,2135.0,CV - Conventional,1084500.0,1900.0,,2,65.5,64,67,22
228360_900714,17.0 CONVERSE ST,BRIGHTON,2135.0,CL - Colonial,762700.0,1917.0,,2,69.0,68,70,22
228359_899074,173.0 Chiswick RD,BRIGHTON,2135.0,CL - Colonial,797800.0,1926.0,,2,82.5,82,83,22
228365_899748,51.0 DIGHTON ST,BRIGHTON,2135.0,RR - Raised Ranch,974500.0,1975.0,,2,84.0,80,88,22
228357_898890,6.0 SOUTH ST,BRIGHTON,2135.0,CV - Conventional,2075600.0,1912.0,,2,77.0,77,77,21
227004_899944,119.0 BRAYTON RD,BRIGHTON,2135.0,BW - Bungalow,605800.0,1925.0,,2,71.0,64,78,22
228357_899099,26.0 EMBASSY RD,BRIGHTON,2135.0,CL - Colonial,885200.0,1926.0,,2,67.5,67,68,22
228366_900275,82.0 ARLINGTON ST,BRIGHTON,2135.0,CL - Colonial,860000.0,1890.0,,2,71.5,69,74,22
227739_900174,70.0 FAIRBANKS ST,BRIGHTON,2135.0,CL - Colonial,766900.0,1895.0,,2,80.0,77,83,22
226908_899958,145.0 BRAYTON RD,BRIGHTON,2135.0,TF - Two Fam Stack,895500.0,1926.0,,2,77.0,77,77,22
228342_899139,37.0 EMBASSY RD,BRIGHTON,2135.0,CL - Colonial,881100.0,1926.0,,2,72.0,63,81,22
228339_900184,56.0 Bennett ST,BRIGHTON,2135.0,CL - Colonial,876300.0,1900.0,,2,79.0,77,81,22
227002_899820,112.0 HUNTINGTON RD,BRIGHTON,2135.0,FS - Free Standing,0.0,1999.0,10.0,2,78.5,67,90,22
228338_899152,41.0 EMBASSY RD,BRIGHTON,2135.0,CL - Colonial,833900.0,1926.0,,2,68.0,66,70,22
228351_899146,37.0 EMBASSY RD,BRIGHTON,2135.0,CL - Colonial,881100.0,1926.0,,2,72.0,63,81,22
228368_899040,168.0 Chiswick RD,BRIGHTON,2135.0,TD - Tudor,967700.0,1920.0,,2,74.0,74,74,22
228414_899537,107.0 Academy Hill RD,BRIGHTON,2135.0,CL - Colonial,1260300.0,1901.0,,2,83.5,83,84,22
228317_899116,38.0 EMBASSY RD,BRIGHTON,2135.0,CL - Colonial,807900.0,1926.0,,2,73.5,73,74,22
228316_899587,2.0 MICHAEL RD,BRIGHTON,2135.0,CP - Cape,991300.0,1962.0,,2,71.5,70,73,22
228320_899088,185.0 Chiswick RD,BRIGHTON,2135.0,CL - Colonial,890700.0,1910.0,,2,74.5,74,75,22
228314_900442,23.0 DUNCKLEE ST,BRIGHTON,2135.0,TF - Two Fam Stack,984000.0,1935.0,,2,63.0,63,63,22
227709_899584,32.0 Kenrick ST,BRIGHTON,2135.0,CV - Conventional,1283400.0,1920.0,,2,75.5,75,76,22
227295_900505,79.0 Perthshire RD,BRIGHTON,2135.0,TF - Two Fam Stack,1288900.0,1920.0,,2,69.0,62,76,22
228315_900383,41.0 HARRIET ST,BRIGHTON,2135.0,TF - Two Fam Stack,1084300.0,1935.0,,2,79.5,79,80,22
228303_900275,98.0 ARLINGTON ST,BRIGHTON,2135.0,CL - Colonial,813300.0,1930.0,,2,71.5,71,72,22
228303_900258,98.0 ARLINGTON ST,BRIGHTON,2135.0,CL - Colonial,813300.0,1930.0,,2,71.5,71,72,22
228307_900475,28.0 DUNCKLEE ST,BRIGHTON,2135.0,CV - Conventional,1147000.0,1930.0,,2,67.5,65,70,22
228301_899772,20.0 Eastburn ST,BRIGHTON,2135.0,CL - Colonial,902300.0,1880.0,,2,65.5,65,66,22
227001_899701,47.0 MARGO RD,BRIGHTON,2135.0,RN - Ranch,742200.0,1954.0,,2,79.5,67,92,22
228303_899217,39.0 PORTINA RD,BRIGHTON,2135.0,CL - Colonial,1049200.0,1920.0,,2,81.0,76,86,22
228312_900109,73.0 SURREY ST,BRIGHTON,2135.0,CV - Conventional,1124300.0,1940.0,,2,80.0,73,87,22
228327_900187,58.0 Bennett ST,BRIGHTON,2135.0,CL - Colonial,977100.0,1910.0,,2,78.0,74,82,22
228296_899674,2.0 PLATT RD,BRIGHTON,2135.0,CV - Conventional,1057700.0,1950.0,,2,74.5,73,76,22
227673_900306,16.0 UPCREST RD,BRIGHTON,2135.0,FS - Free Standing,0.0,1999.0,3.0,2,76.5,69,84,22
227278_900609,140.0 Newton ST,BRIGHTON,2135.0,LR - Low Rise,0.0,1960.0,65.0,2,64.5,63,66,22
228297_900488,28.0 DUNCKLEE ST,BRIGHTON,2135.0,CV - Conventional,1147000.0,1930.0,,2,67.5,65,70,22
228290_899127,46.0 EMBASSY RD,BRIGHTON,2135.0,"970 - CHURCH, SYNAGOGUE",576800.0,1899.0,,2,78.0,77,79,22
227670_900325,16.0 UPCREST RD,BRIGHTON,2135.0,FS - Free Standing,0.0,1999.0,3.0,2,76.5,69,84,22
228291_898914,25.0 SOUTH ST,BRIGHTON,2135.0,LR - Low Rise,0.0,1999.0,7.0,2,73.5,73,74,22
228287_900261,102.0 ARLINGTON ST,BRIGHTON,2135.0,BW - Bungalow,887600.0,1930.0,,2,78.5,75,82,22
227675_899419,36.0 Lake Shore RD,BRIGHTON,2135.0,CP - Cape,895600.0,1932.0,,2,80.0,77,83,22
228289_900275,102.0 ARLINGTON ST,BRIGHTON,2135.0,BW - Bungalow,887600.0,1930.0,,2,78.5,75,82,22
228295_900684,195.0 Parsons ST,BRIGHTON,2135.0,CV - Conventional,853400.0,1910.0,,2,67.5,67,68,22
228295_899202,41.0 PORTINA RD,BRIGHTON,2135.0,CL - Colonial,1107600.0,1920.0,,2,69.0,69,69,22
227682_900659,30.0 GERRISH ST,BRIGHTON,2135.0,CP - Cape,599400.0,1962.0,,2,81.5,81,82,22
227286_900461,79.0 Perthshire RD,BRIGHTON,2135.0,TF - Two Fam Stack,1288900.0,1920.0,,2,69.0,62,76,22
228300_899063,188.0 Chiswick RD,BRIGHTON,2135.0,CL - Colonial,879900.0,1930.0,,2,68.0,67,69,22
227099_900443,39.0 PRESENTATION RD,BRIGHTON,2135.0,CV - Conventional,981100.0,1935.0,,2,73.5,73,74,22
227700_900320,10.0 UPCREST RD,BRIGHTON,2135.0,TF - Two Fam Stack,932700.0,1939.0,,2,75.5,75,76,22
228298_900115,79.0 SURREY ST,BRIGHTON,2135.0,FS - Free Standing,0.0,1899.0,6.0,2,70.5,70,71,22
227707_899439,122.0 Lake ST,BRIGHTON,2135.0,CL - Colonial,989400.0,1930.0,,2,66.0,66,66,22
227667_900520,77.0 DUNBOY ST,BRIGHTON,2135.0,CL - Colonial,1054700.0,1880.0,,2,81.0,65,97,22
227091_900431,35.0 PRESENTATION RD,BRIGHTON,2135.0,TF - Two Fam Stack,1180700.0,1910.0,,2,79.5,77,82,22
227666_900633,178.0 Bigelow ST,BRIGHTON,2135.0,TF - Two Fam Stack,991300.0,1887.0,,2,80.0,78,82,22
227712_899452,126.0 Lake ST,BRIGHTON,2135.0,CL - Colonial,859000.0,1920.0,,2,84.5,84,85,22
227664_900505,71.0 DUNBOY ST,BRIGHTON,2135.0,CL - Colonial,952800.0,1887.0,,2,64.0,64,64,22
227717_899211,117.0 Lake ST,BRIGHTON,2135.0,351 - TRAINING /PRIV EDUC,13647200.0,1964.0,,2,75.5,75,76,22
227724_900552,203.0 Bigelow ST,BRIGHTON,2135.0,CV - Conventional,1073000.0,1890.0,,2,72.0,71,73,22
227303_900296,45.0 CHAMPNEY ST,BRIGHTON,2135.0,TF - Two Fam Stack,973200.0,1925.0,,2,79.5,77,82,22
228284_900117,81.0 SURREY ST,BRIGHTON,2135.0,CV - Conventional,1118900.0,1900.0,,2,84.0,82,86,22
227661_900491,67.0 DUNBOY ST,BRIGHTON,2135.0,CL - Colonial,1396600.0,1900.0,,2,69.0,69,69,22
226899_900380,2.0 BURTON ST,BRIGHTON,2135.0,DX - Duplex,1160100.0,1980.0,,2,70.5,67,74,22
228339_899048,176.0 Chiswick RD,BRIGHTON,2135.0,CL - Colonial,897600.0,1920.0,,2,66.5,64,69,22
227106_900570,49.0 Bellamy ST,BRIGHTON,2135.0,CL - Colonial,924300.0,1930.0,,2,65.5,64,67,22
227738_900115,56.0 FAIRBANKS ST,BRIGHTON,2135.0,CL - Colonial,993000.0,1900.0,,2,83.5,83,84,22
227091_899717,31.0 MARGO RD,BRIGHTON,2135.0,RN - Ranch,697000.0,1955.0,,2,93.0,92,94,22
227658_900473,65.0 DUNBOY ST,BRIGHTON,2135.0,CL - Colonial,966500.0,1890.0,,2,73.5,73,74,22
227740_900191,74.0 FAIRBANKS ST,BRIGHTON,2135.0,CV - Conventional,1083600.0,1900.0,,2,62.5,62,63,22
228270_900543,159.0 Faneuil ST,BRIGHTON,2135.0,RN - Ranch,901700.0,1950.0,,2,64.0,64,64,22
228283_898951,53.0 Radnor RD,BRIGHTON,2135.0,TF - Two Fam Stack,1338000.0,1920.0,,2,73.0,71,75,22
227743_900243,314.0 Faneuil ST,BRIGHTON,2135.0,DK - Decker,1467400.0,1900.0,,2,78.0,67,89,22
228286_900237,69.0 Bennett ST,BRIGHTON,2135.0,TF - Two Fam Stack,1108300.0,1920.0,,2,74.5,73,76,22
227746_900208,78.0 FAIRBANKS ST,BRIGHTON,2135.0,CL - Colonial,725700.0,1920.0,,2,82.5,82,83,22
227747_900720,17.0 Newton ST,BRIGHTON,2135.0,SD - Semi-Det,737800.0,1865.0,,2,66.0,66,66,22
227108_900422,35.0 PRESENTATION RD,BRIGHTON,2135.0,TF - Two Fam Stack,1180700.0,1910.0,,2,79.5,77,82,22
228300_898957,57.0 Radnor RD,BRIGHTON,2135.0,CV - Conventional,1672300.0,1920.0,,2,70.5,68,73,22
228328_899144,41.0 EMBASSY RD,BRIGHTON,2135.0,CL - Colonial,833900.0,1926.0,,2,68.0,66,70,22
228704_899314,70.0 Wallingford RD,BRIGHTON,2135.0,CL - Colonial,1336900.0,1900.0,,2,68.5,65,72,21
228369_899127,29.0 EMBASSY RD,BRIGHTON,2135.0,CL - Colonial,870800.0,1926.0,,2,74.0,73,75,22
227754_900120,56.0 FAIRBANKS ST,BRIGHTON,2135.0,CL - Colonial,993000.0,1900.0,,2,83.5,83,84,22
227754_900181,70.0 FAIRBANKS ST,BRIGHTON,2135.0,CL - Colonial,766900.0,1895.0,,2,80.0,77,83,22
227656_900458,63.0 DUNBOY ST,BRIGHTON,2135.0,CL - Colonial,908700.0,1910.0,,2,75.5,72,79,22
227754_900198,74.0 FAIRBANKS ST,BRIGHTON,2135.0,CV - Conventional,1083600.0,1900.0,,2,62.5,62,63,22
227111_900555,49.0 Bellamy ST,BRIGHTON,2135.0,CL - Colonial,924300.0,1930.0,,2,65.5,64,67,22
227263_899723,36.0 BRAYTON RD,BRIGHTON,2135.0,RN - Ranch,815800.0,1955.0,,2,80.0,79,81,22
227760_899583,12.0 Kenrick ST,BRIGHTON,2135.0,FS - Free Standing,0.0,1999.0,2.0,2,77.0,77,77,22
227011_900541,46.0 BURTON ST,BRIGHTON,2135.0,CV - Conventional,1088400.0,1920.0,,2,63.0,62,64,22
228251_900774,225.0 Parsons ST,BRIGHTON,2135.0,TF - Two Fam Stack,1032600.0,1905.0,,2,75.5,71,80,22
227772_900631,5.0 GERRISH ST,BRIGHTON,2135.0,CP - Cape,730200.0,1960.0,,2,69.5,69,70,22
228402_900170,52.0 Parsons ST,BRIGHTON,2135.0,CV - Conventional,1408900.0,1900.0,,2,65.5,65,66,22
227777_899836,15.0 Greymere RD,BRIGHTON,2135.0,TF - Two Fam Stack,949600.0,1930.0,,2,70.5,69,72,22
227253_899738,2.0 MARGO RD,BRIGHTON,2135.0,RN - Ranch,638500.0,1955.0,,2,81.0,80,82,22
228244_899013,35.0 Kirkwood RD,BRIGHTON,2135.0,DX - Duplex,0.0,1999.0,2.0,2,82.0,79,85,22
227336_899689,19.0 BRAYTON RD,BRIGHTON,2135.0,BW - Bungalow,660500.0,1930.0,,2,77.5,76,79,22
228423_900298,71.0 ARLINGTON ST,BRIGHTON,2135.0,DX - Duplex,1228600.0,1878.0,,2,63.5,62,65,22
227339_900474,67.0 Perthshire RD,BRIGHTON,2135.0,CV - Conventional,1220100.0,1915.0,,2,85.5,82,89,22
227648_900716,51.0 GERRISH ST,BRIGHTON,2135.0,TF - Two Fam Stack,991900.0,1920.0,,2,66.5,65,68,22
227644_899374,48.0 Lake Shore RD,BRIGHTON,2135.0,CL - Colonial,965700.0,1923.0,,2,77.5,74,81,22
228433_900432,110.0 Parsons ST,BRIGHTON,2135.0,CL - Colonial,958600.0,1937.0,,2,78.5,76,81,22
228233_900806,237.0 Parsons ST,BRIGHTON,2135.0,CV - Conventional,786700.0,1905.0,,2,68.0,67,69,22
226965_900076,100.0 Tremont ST,BRIGHTON,2135.0,112 - APT 7-30 UNITS,4756600.0,1965.0,,2,86.5,86,87,22
227794_899555,160.0 Lake ST,BRIGHTON,2135.0,TF - Two Fam Stack,1207800.0,1920.0,,2,81.5,81,82,22
227015_899941,115.0 BRAYTON RD,BRIGHTON,2135.0,CL - Colonial,673400.0,1925.0,,2,69.5,66,73,22
227635_900612,183.0 Bigelow ST,BRIGHTON,2135.0,RR - Raised Ranch,877900.0,1950.0,,2,77.5,67,88,22
227798_900498,92.0 Brooks ST,BRIGHTON,2135.0,CL - Colonial,1184700.0,1920.0,,2,80.0,77,83,22
227800_900735,2.0 WOODMONT ST,BRIGHTON,2135.0,TF - Two Fam Stack,745700.0,1920.0,,2,81.0,67,95,22
227121_900648,140.0 Newton ST,BRIGHTON,2135.0,LR - Low Rise,0.0,1960.0,65.0,2,64.5,63,66,22
228241_900439,12.0 DUNCKLEE ST,BRIGHTON,2135.0,TF - Two Fam Stack,989100.0,1928.0,,2,87.0,79,95,22
228222_899997,19.0 Oakland ST,BRIGHTON,2135.0,DK - Decker,0.0,1910.0,3.0,2,68.5,68,69,22
228224_899013,33.0 Kirkwood RD,BRIGHTON,2135.0,TF - Two Fam Stack,1310300.0,1920.0,,2,70.5,68,73,22
228490_900592,60.0 Goodenough ST,BRIGHTON,2135.0,TF - Two Fam Stack,897400.0,1914.0,,2,66.5,63,70,22
228215_900356,74.0 HARRIET ST,BRIGHTON,2135.0,TF - Two Fam Stack,1120700.0,1926.0,,2,68.0,67,69,22
227812_900189,74.0 TURNER ST,BRIGHTON,2135.0,TF - Two Fam Stack,1035900.0,1925.0,,2,67.0,63,71,22
226942_899953,137.0 BRAYTON RD,BRIGHTON,2135.0,BW - Bungalow,615300.0,1925.0,,2,71.5,69,74,22
227813_900493,92.0 Brooks ST,BRIGHTON,2135.0,CL - Colonial,1184700.0,1920.0,,2,80.0,77,83,22
228217_899524,158.0 Foster ST,BRIGHTON,2135.0,DX - Duplex,1562500.0,1915.0,,2,71.0,69,73,22
227815_900583,66.0 Brooks ST,BRIGHTON,2135.0,CV - Conventional,1086100.0,1910.0,,2,81.5,78,85,22
228227_900420,8.0 DUNCKLEE ST,BRIGHTON,2135.0,TF - Two Fam Stack,1078000.0,1930.0,,2,74.0,74,74,22
227820_900014,32.0 TURNER ST,BRIGHTON,2135.0,TF - Two Fam Stack,1062000.0,1925.0,,2,84.5,78,91,22
227358_900249,22.0 Bigelow ST,BRIGHTON,2135.0,DK - Decker,1374800.0,1910.0,,2,67.0,63,71,22
227821_899847,8.0 Greymere RD,BRIGHTON,2135.0,TF - Two Fam Stack,936400.0,1930.0,,2,68.0,62,74,22
227358_900385,40.0 Bigelow ST,BRIGHTON,2135.0,CL - Colonial,903300.0,1915.0,,2,71.5,70,73,22
228515_900358,87.0 Parsons ST,BRIGHTON,2135.0,CL - Colonial,810500.0,1929.0,,2,74.0,71,77,22
228256_900760,221.0 Parsons ST,BRIGHTON,2135.0,CV - Conventional,850100.0,1905.0,,2,78.5,77,80,22
227227_900487,93.0 Perthshire RD,BRIGHTON,2135.0,TF - Two Fam Stack,995500.0,1920.0,,2,64.0,62,66,22
228206_899985,15.0 Oakland ST,BRIGHTON,2135.0,DK - Decker,0.0,1920.0,3.0,2,70.0,70,70,22
226993_900243,700.0 Washington ST,BRIGHTON,2135.0,SD - Semi-Det,1115100.0,1885.0,,2,67.5,63,72,22
227224_899778,56.0 BRAYTON RD,BRIGHTON,2135.0,RN - Ranch,659100.0,1954.0,,2,75.5,73,78,22
227128_899867,88.0 BRAYTON RD,BRIGHTON,2135.0,TF - Two Fam Stack,898600.0,1925.0,,2,76.0,76,76,22
228205_900000,19.0 Oakland ST,BRIGHTON,2135.0,DK - Decker,0.0,1910.0,3.0,2,68.5,68,69,22
227844_900681,5.0 OLIVA RD,BRIGHTON,2135.0,CV - Conventional,1106700.0,1925.0,,2,66.5,65,68,22
228200_898970,30.0 Radnor RD,BRIGHTON,2135.0,CV - Conventional,1453900.0,1939.0,,2,88.5,86,91,22
228197_899597,134.0 Foster ST,BRIGHTON,2135.0,CL - Colonial,1115000.0,1910.0,,2,67.5,67,68,22
227852_900392,21.0 HOBSON ST,BRIGHTON,2135.0,CL - Colonial,985100.0,1880.0,,2,72.0,72,72,22
227384_899181,65.0 Undine RD,BRIGHTON,2135.0,TD - Tudor,990400.0,1926.0,,2,82.0,77,87,22
227082_899764,112.0 HUNTINGTON RD,BRIGHTON,2135.0,FS - Free Standing,0.0,1999.0,10.0,2,78.5,67,90,22
228197_900066,39.0 Oakland ST,BRIGHTON,2135.0,CV - Conventional,1121500.0,1935.0,,2,74.5,72,77,22
227387_899656,3.0 BRAYTON RD,BRIGHTON,2135.0,BW - Bungalow,719000.0,1929.0,,2,65.5,64,67,22
228200_900393,77.0 HARRIET ST,BRIGHTON,2135.0,TF - Two Fam Stack,981600.0,1920.0,,2,65.0,63,67,22
228209_899658,114.0 Foster ST,BRIGHTON,2135.0,RN - Ranch,796900.0,1950.0,,2,79.5,79,80,22
228187_899876,446.0 Washington ST,BRIGHTON,2135.0,027 - RC: THREE RES UNITS,1219500.0,1915.0,,2,69.5,67,72,22
227131_899931,72.0 NONANTUM ST,BRIGHTON,2135.0,CV - Conventional,1058600.0,1925.0,,2,69.5,66,73,22
227221_899989,26.0 Tremont ST,BRIGHTON,2135.0,CV - Conventional,1709800.0,1900.0,,2,74.0,68,80,22
227861_900072,47.0 TURNER ST,BRIGHTON,2135.0,DK - Decker,1202700.0,1920.0,,2,77.5,64,91,22
228185_900735,16.0 Brooksdale RD,BRIGHTON,2135.0,BW - Bungalow,657700.0,1923.0,,2,90.5,90,91,22
