res_id,age,age_group,tract_id,tract_name,median_income,income_category,income_eligibility_status,interior_condition,exterior_condition,grade,has_poor_conditions,overall_condition,open_violations,total_violations,has_violations,violation_category,has_building_match,residency_stability,nearest_store_distance,store_accessibility,nearest_park_distance_meters,park_accessibility,eligibility_score,priority_level,tenure_status,property_value
11CDD3053003,71,70-79,25025010103.0,Census Tract 101.03; Suffolk County; Massachusetts,45000.0,Low Income,Eligible,Fair,Fair,Average,True,Fair,0,0,False,No Violations,True,5+ Years (Matched),143.06,Excellent (≤500m),8.45746398,Excellent (≤300m),35,High,Homeowner,851200.00
03MMT3032000,93,90+,25025010103.0,Census Tract 101.03; Suffolk County; Massachusetts,45000.0,Low Income,Eligible,Average,Fair,Average,True,Fair,0,0,False,No Violations,True,5+ Years (Matched),146.81,Excellent (≤500m),237.38055367,Excellent (≤300m),35,High,Homeowner,1076300.00
07DFK1364002,71,70-79,25025010103.0,Census Tract 101.03; Suffolk County; Massachusetts,45000.0,Low Income,Eligible,Average,Fair,Average,True,Fair,0,0,False,No Violations,True,5+ Years (Matched),276.33,Excellent (≤500m),99.10355574,Excellent (≤300m),35,High,Homeowner,696400.00
05GTI2452001,73,70-79,25025010103.0,Census Tract 101.03; Suffolk County; Massachusetts,45000.0,Low Income,Eligible,Fair,Average,Good,True,Fair,0,0,False,No Violations,True,5+ Years (Matched),134.73,Excellent (≤500m),236.03546045,Excellent (≤300m),35,High,Homeowner,1188800.00
04EBR2759000,66,62-69,25025010103.0,Census Tract 101.03; Suffolk County; Massachusetts,45000.0,Low Income,Eligible,Fair,Average,Average,True,Fair,0,0,False,No Violations,True,5+ Years (Matched),186.31,Excellent (≤500m),14.70137616,Excellent (≤300m),35,High,Renter,593500.00
02SCR2163002,62,62-69,25025010103.0,Census Tract 101.03; Suffolk County; Massachusetts,45000.0,Low Income,Eligible,Average,Fair,Average,True,Fair,0,0,False,No Violations,True,5+ Years (Matched),116.2,Excellent (≤500m),46.25947072,Excellent (≤300m),35,High,Renter,1540000.00
05MLI1254000,71,70-79,25025000603.0,Census Tract 6.03; Suffolk County; Massachusetts,33229.0,Low Income,Eligible,Average,Fair,Average,True,Fair,0,0,False,No Violations,True,5+ Years (Matched),438.5,Excellent (≤500m),65.18748983,Excellent (≤300m),35,High,Homeowner,741000.00
02NRT0445000,80,80-89,25025000603.0,Census Tract 6.03; Suffolk County; Massachusetts,33229.0,Low Income,Eligible,Fair,Average,Average,True,Fair,0,0,False,No Violations,True,5+ Years (Matched),340.57,Excellent (≤500m),264.61070425,Excellent (≤300m),35,High,Homeowner,916800.00
03ABE2233000,92,90+,25025010103.0,Census Tract 101.03; Suffolk County; Massachusetts,45000.0,Low Income,Eligible,Average,Fair,Average,True,Fair,0,0,False,No Violations,True,5+ Years (Matched),267.62,Excellent (≤500m),236.21534539,Excellent (≤300m),35,High,Homeowner,1121600.00
02GBN0844000,81,80-89,25025000603.0,Census Tract 6.03; Suffolk County; Massachusetts,33229.0,Low Income,Eligible,Average,Fair,Average,True,Fair,0,0,False,No Violations,True,5+ Years (Matched),205.17,Excellent (≤500m),100.88971477,Excellent (≤300m),35,High,Homeowner,993700.00
04GTS0557000,68,62-69,25025000603.0,Census Tract 6.03; Suffolk County; Massachusetts,33229.0,Low Income,Eligible,Average,Fair,Average,True,Fair,0,0,False,No Violations,True,5+ Years (Matched),438.5,Excellent (≤500m),65.18748983,Excellent (≤300m),35,High,Homeowner,741000.00
05HNN0951000,74,70-79,25025000703.0,Census Tract 7.03; Suffolk County; Massachusetts,46985.0,Low Income,Eligible,Fair,Average,Average,True,Fair,0,0,False,No Violations,True,5+ Years (Matched),101.57,Excellent (≤500m),98.32808906,Excellent (≤300m),35,High,Homeowner,1150800.00
07BRD1840004,85,80-89,25025010103.0,Census Tract 101.03; Suffolk County; Massachusetts,45000.0,Low Income,Eligible,Fair,Average,Average,True,Fair,0,0,False,No Violations,True,5+ Years (Matched),267.02,Excellent (≤500m),298.75636864,Excellent (≤300m),35,High,Homeowner,949900.00
09LMA0755000,70,70-79,25025000703.0,Census Tract 7.03; Suffolk County; Massachusetts,46985.0,Low Income,Eligible,Average,Fair,Average,True,Fair,0,0,False,No Violations,True,5+ Years (Matched),114.69,Excellent (≤500m),83.07596867,Excellent (≤300m),35,High,Homeowner,1376700.00
03AJH1951000,74,70-79,25025010103.0,Census Tract 101.03; Suffolk County; Massachusetts,45000.0,Low Income,Eligible,Average,Fair,Average,True,Fair,0,0,False,No Violations,True,5+ Years (Matched),197.33,Excellent (≤500m),214.78093864,Excellent (≤300m),35,High,Homeowner,1121600.00
08BRT2861001,64,62-69,25025010103.0,Census Tract 101.03; Suffolk County; Massachusetts,45000.0,Low Income,Eligible,Fair,Average,Average,True,Fair,0,0,False,No Violations,True,5+ Years (Matched),267.02,Excellent (≤500m),298.75636864,Excellent (≤300m),35,High,Homeowner,949900.00
06GCS1861001,64,62-69,25025010103.0,Census Tract 101.03; Suffolk County; Massachusetts,45000.0,Low Income,Eligible,Fair,Average,Average,True,Fair,0,3,False,No Violations,True,5+ Years (Matched),229.99,Excellent (≤500m),21.29382569,Excellent (≤300m),35,High,Renter,626100.00
06GSA0747000,78,70-79,25025000603.0,Census Tract 6.03; Suffolk County; Massachusetts,33229.0,Low Income,Eligible,Average,Fair,Average,True,Fair,0,0,False,No Violations,True,5+ Years (Matched),205.17,Excellent (≤500m),100.88971477,Excellent (≤300m),35,High,Homeowner,993700.00
04JJE1756000,69,62-69,25025000603.0,Census Tract 6.03; Suffolk County; Massachusetts,33229.0,Low Income,Eligible,Fair,Fair,Average,True,Fair,0,0,False,No Violations,True,5+ Years (Matched),208.52,Excellent (≤500m),203.18937278,Excellent (≤300m),35,High,Homeowner,1012300.00
01JGD0944000,81,80-89,25025000703.0,Census Tract 7.03; Suffolk County; Massachusetts,46985.0,Low Income,Eligible,Average,Fair,Average,True,Fair,0,0,False,No Violations,True,5+ Years (Matched),114.69,Excellent (≤500m),83.07596867,Excellent (≤300m),35,High,Homeowner,1376700.00
01FPL0944000,81,80-89,25025010103.0,Census Tract 101.03; Suffolk County; Massachusetts,45000.0,Low Income,Eligible,Fair,Average,Average,True,Fair,0,0,False,No Violations,True,5+ Years (Matched),141.33,Excellent (≤500m),200.48641383,Excellent (≤300m),35,High,Homeowner,912800.00
12FCA3042000,82,80-89,25025010103.0,Census Tract 101.03; Suffolk County; Massachusetts,45000.0,Low Income,Eligible,Fair,Average,Average,True,Fair,0,0,False,No Violations,True,5+ Years (Matched),141.33,Excellent (≤500m),200.48641383,Excellent (≤300m),35,High,Homeowner,912800.00
08SFK1336000,89,80-89,25025000703.0,Census Tract 7.03; Suffolk County; Massachusetts,46985.0,Low Income,Eligible,Fair,Average,Average,True,Fair,0,0,False,No Violations,True,5+ Years (Matched),101.57,Excellent (≤500m),98.32808906,Excellent (≤300m),35,High,Homeowner,1150800.00
01JRA1057000,68,62-69,25025000703.0,Census Tract 7.03; Suffolk County; Massachusetts,46985.0,Low Income,Eligible,Average,Fair,Average,True,Fair,0,0,False,No Violations,True,5+ Years (Matched),114.69,Excellent (≤500m),83.07596867,Excellent (≤300m),35,High,Homeowner,1376700.00
11WDY2641000,83,80-89,25025000603.0,Census Tract 6.03; Suffolk County; Massachusetts,33229.0,Low Income,Eligible,Fair,Average,Average,True,Fair,0,0,False,No Violations,True,5+ Years (Matched),366.65,Excellent (≤500m),271.50310785,Excellent (≤300m),35,High,Homeowner,883100.00
08WMY0947000,78,70-79,25025000506.0,Census Tract 5.06; Suffolk County; Massachusetts,73403.0,Moderate Income,Potentially Eligible,Average,Average,Good,False,Good,1,1,True,1-2 Violations,True,5+ Years (Matched),561.54,Good (500-1000m),122.31178728,Excellent (≤300m),33,High,Renter,1296600.00
03OFS2250000,75,70-79,25025000506.0,Census Tract 5.06; Suffolk County; Massachusetts,73403.0,Moderate Income,Potentially Eligible,Average,Average,Good,False,Good,1,1,True,1-2 Violations,True,5+ Years (Matched),561.54,Good (500-1000m),122.31178728,Excellent (≤300m),33,High,Renter,1296600.00
12RSL3149000,75,70-79,25025000506.0,Census Tract 5.06; Suffolk County; Massachusetts,73403.0,Moderate Income,Potentially Eligible,Good,Average,Good,False,Good,1,1,True,1-2 Violations,True,5+ Years (Matched),297.96,Excellent (≤500m),63.01699571,Excellent (≤300m),30,High,Homeowner,1312100.00
04ASN2556000,69,62-69,25025000603.0,Census Tract 6.03; Suffolk County; Massachusetts,33229.0,Low Income,Eligible,Good,Average,Average,False,Good,0,0,False,No Violations,True,5+ Years (Matched),357.23,Excellent (≤500m),335.71389879,Good (300-600m),28,High,Homeowner,1236800.00
09CYN1546003,79,70-79,25025010103.0,Census Tract 101.03; Suffolk County; Massachusetts,45000.0,Low Income,Eligible,Average,Average,Average,False,Good,0,0,False,No Violations,True,5+ Years (Matched),228.7,Excellent (≤500m),311.10664029,Good (300-600m),28,High,Homeowner,790500.00
09LSO1156003,69,62-69,25025010103.0,Census Tract 101.03; Suffolk County; Massachusetts,45000.0,Low Income,Eligible,Average,Average,Average,False,Good,0,0,False,No Violations,True,5+ Years (Matched),252.87,Excellent (≤500m),352.60484443,Good (300-600m),28,High,Renter,1157200.00
10CCG1363001,62,62-69,25025010103.0,Census Tract 101.03; Suffolk County; Massachusetts,45000.0,Low Income,Eligible,Average,Average,Average,False,Good,0,0,False,No Violations,True,5+ Years (Matched),267.17,Excellent (≤500m),321.05581586,Good (300-600m),28,High,Homeowner,1152400.00
09FMA2556000,69,62-69,25025010103.0,Census Tract 101.03; Suffolk County; Massachusetts,45000.0,Low Income,Eligible,Average,Average,Average,False,Good,0,0,False,No Violations,True,5+ Years (Matched),273.21,Excellent (≤500m),324.10136338,Good (300-600m),28,High,Homeowner,700100.00
07MDE0355000,70,70-79,25025000603.0,Census Tract 6.03; Suffolk County; Massachusetts,33229.0,Low Income,Eligible,Average,Average,Average,False,Good,0,0,False,No Violations,True,5+ Years (Matched),261.56,Excellent (≤500m),348.91431823,Good (300-600m),28,High,Renter,1242900.00
05LGO0236000,89,80-89,25025000603.0,Census Tract 6.03; Suffolk County; Massachusetts,33229.0,Low Income,Eligible,Average,Average,Average,False,Good,0,0,False,No Violations,True,5+ Years (Matched),111.13,Excellent (≤500m),327.03422055,Good (300-600m),28,High,Homeowner,1149700.00
04OED0345000,80,80-89,25025000603.0,Census Tract 6.03; Suffolk County; Massachusetts,33229.0,Low Income,Eligible,Average,Average,Average,False,Good,0,0,False,No Violations,True,5+ Years (Matched),153.66,Excellent (≤500m),302.05277295,Good (300-600m),28,High,Homeowner,1128200.00
03PPA1561000,64,62-69,25025000603.0,Census Tract 6.03; Suffolk County; Massachusetts,33229.0,Low Income,Eligible,Average,Average,Average,False,Good,0,0,False,No Violations,True,5+ Years (Matched),260.49,Excellent (≤500m),337.43155879,Good (300-600m),28,High,Homeowner,1203500.00
06LRT2150002,75,70-79,25025000603.0,Census Tract 6.03; Suffolk County; Massachusetts,33229.0,Low Income,Eligible,Average,Average,Average,False,Good,0,0,False,No Violations,True,5+ Years (Matched),272.48,Excellent (≤500m),343.95727405,Good (300-600m),28,High,Renter,1253500.00
01LAA2360001,65,62-69,25025000603.0,Census Tract 6.03; Suffolk County; Massachusetts,33229.0,Low Income,Eligible,Average,Average,Average,False,Good,0,0,False,No Violations,True,5+ Years (Matched),123.26,Excellent (≤500m),397.83047719,Good (300-600m),28,High,Homeowner,1149700.00
07DMK0957000,68,62-69,25025000603.0,Census Tract 6.03; Suffolk County; Massachusetts,33229.0,Low Income,Eligible,Good,Average,Average,False,Good,0,0,False,No Violations,True,5+ Years (Matched),205.01,Excellent (≤500m),314.92751913,Good (300-600m),28,High,Homeowner,1402600.00
01RJN2457000,68,62-69,25025000603.0,Census Tract 6.03; Suffolk County; Massachusetts,33229.0,Low Income,Eligible,Average,Average,Average,False,Good,0,0,False,No Violations,True,5+ Years (Matched),216.08,Excellent (≤500m),373.10207942,Good (300-600m),28,High,Renter,637700.00
11SRA2050000,74,70-79,25025000805.0,Census Tract 8.05; Suffolk County; Massachusetts,53824.0,Moderate Income,Potentially Eligible,Fair,Fair,Average,True,Fair,0,1,False,No Violations,True,5+ Years (Matched),317.79,Excellent (≤500m),397.37809546,Good (300-600m),28,High,Homeowner,755600.00
03LPO0850001,75,70-79,25025000603.0,Census Tract 6.03; Suffolk County; Massachusetts,33229.0,Low Income,Eligible,Average,Average,Average,False,Good,0,0,False,No Violations,True,5+ Years (Matched),245.46,Excellent (≤500m),338.32072212,Good (300-600m),28,High,Homeowner,1346400.00
09MKY2155002,70,70-79,25025000603.0,Census Tract 6.03; Suffolk County; Massachusetts,33229.0,Low Income,Eligible,Unknown,Unknown,Unknown,False,Good,0,0,False,No Violations,True,5+ Years (Matched),187.09,Excellent (≤500m),320.65475776,Good (300-600m),28,High,Renter,138162000.00
09VVR1856001,69,62-69,25025000603.0,Census Tract 6.03; Suffolk County; Massachusetts,33229.0,Low Income,Eligible,Average,Average,Average,False,Good,0,0,False,No Violations,True,5+ Years (Matched),183.85,Excellent (≤500m),388.01411994,Good (300-600m),28,High,Homeowner,1125100.00
07LGE2751001,74,70-79,25025000603.0,Census Tract 6.03; Suffolk County; Massachusetts,33229.0,Low Income,Eligible,Unknown,Unknown,Unknown,False,Good,0,0,False,No Violations,True,5+ Years (Matched),187.09,Excellent (≤500m),320.65475776,Good (300-600m),28,High,Renter,138162000.00
09MDN2256001,69,62-69,25025000603.0,Census Tract 6.03; Suffolk County; Massachusetts,33229.0,Low Income,Eligible,Good,Average,Average,False,Good,0,0,False,No Violations,True,5+ Years (Matched),340.58,Excellent (≤500m),350.72946907,Good (300-600m),28,High,Homeowner,1236800.00
09SSD2657000,68,62-69,25025000805.0,Census Tract 8.05; Suffolk County; Massachusetts,53824.0,Moderate Income,Potentially Eligible,Fair,Fair,Average,True,Fair,0,1,False,No Violations,True,5+ Years (Matched),317.79,Excellent (≤500m),397.37809546,Good (300-600m),28,High,Homeowner,755600.00
06HPE2545000,80,80-89,25025010103.0,Census Tract 101.03; Suffolk County; Massachusetts,45000.0,Low Income,Eligible,Average,Good,Average,False,Good,0,0,False,No Violations,True,5+ Years (Matched),242.21,Excellent (≤500m),336.64481314,Good (300-600m),28,High,Homeowner,1249800.00
08GLL2463000,62,62-69,25025010103.0,Census Tract 101.03; Suffolk County; Massachusetts,45000.0,Low Income,Eligible,Unknown,Unknown,Unknown,False,Good,0,0,False,No Violations,True,5+ Years (Matched),216.88,Excellent (≤500m),331.70929797,Good (300-600m),28,High,Renter,0.00
06BED0840000,85,80-89,25025010103.0,Census Tract 101.03; Suffolk County; Massachusetts,45000.0,Low Income,Eligible,Average,Average,Average,False,Good,0,0,False,No Violations,True,5+ Years (Matched),258.82,Excellent (≤500m),303.70925592,Good (300-600m),28,High,Renter,948000.00
08CJT1361002,64,62-69,25025000603.0,Census Tract 6.03; Suffolk County; Massachusetts,33229.0,Low Income,Eligible,Unknown,Unknown,Unknown,False,Good,0,0,False,No Violations,True,5+ Years (Matched),187.09,Excellent (≤500m),320.65475776,Good (300-600m),28,High,Renter,138162000.00
11RHY0961001,64,62-69,25025000603.0,Census Tract 6.03; Suffolk County; Massachusetts,33229.0,Low Income,Eligible,Average,Average,Average,False,Good,0,0,False,No Violations,True,5+ Years (Matched),123.26,Excellent (≤500m),397.83047719,Good (300-600m),28,High,Homeowner,1149700.00
01GVA0108006,83,80-89,25025000603.0,Census Tract 6.03; Suffolk County; Massachusetts,33229.0,Low Income,Eligible,Unknown,Unknown,Unknown,False,Good,0,0,False,No Violations,True,5+ Years (Matched),187.09,Excellent (≤500m),320.65475776,Good (300-600m),28,High,Renter,138162000.00
03ETA1043000,82,80-89,25025010103.0,Census Tract 101.03; Suffolk County; Massachusetts,45000.0,Low Income,Eligible,Average,Good,Average,False,Good,0,0,False,No Violations,True,5+ Years (Matched),208.32,Excellent (≤500m),306.68386321,Good (300-600m),28,High,Homeowner,1161400.00
08RCA1362000,63,62-69,25025000603.0,Census Tract 6.03; Suffolk County; Massachusetts,33229.0,Low Income,Eligible,Unknown,Unknown,Unknown,False,Good,0,0,False,No Violations,True,5+ Years (Matched),201.92,Excellent (≤500m),369.49838481,Good (300-600m),28,High,Renter,0.00
03KBE1452000,73,70-79,25025000603.0,Census Tract 6.03; Suffolk County; Massachusetts,33229.0,Low Income,Eligible,Unknown,Unknown,Unknown,False,Good,0,0,False,No Violations,True,5+ Years (Matched),148.12,Excellent (≤500m),312.91896349,Good (300-600m),28,High,Renter,0.00
06CWM1242000,83,80-89,25025000603.0,Census Tract 6.03; Suffolk County; Massachusetts,33229.0,Low Income,Eligible,Average,Average,Average,False,Good,0,0,False,No Violations,True,5+ Years (Matched),388.97,Excellent (≤500m),354.29979879,Good (300-600m),28,High,Homeowner,985300.00
12CKR2042000,82,80-89,25025010103.0,Census Tract 101.03; Suffolk County; Massachusetts,45000.0,Low Income,Eligible,Average,Average,Average,False,Good,0,0,False,No Violations,True,5+ Years (Matched),228.7,Excellent (≤500m),311.10664029,Good (300-600m),28,High,Homeowner,790500.00
08GIE0552001,73,70-79,25025000805.0,Census Tract 8.05; Suffolk County; Massachusetts,53824.0,Moderate Income,Potentially Eligible,Fair,Fair,Average,True,Fair,0,1,False,No Violations,True,5+ Years (Matched),317.79,Excellent (≤500m),397.37809546,Good (300-600m),28,High,Homeowner,755600.00
04TJN2352000,73,70-79,25025010103.0,Census Tract 101.03; Suffolk County; Massachusetts,45000.0,Low Income,Eligible,Unknown,Unknown,Unknown,False,Good,0,0,False,No Violations,True,5+ Years (Matched),244.98,Excellent (≤500m),348.34987345,Good (300-600m),28,High,Renter,0.00
03PCR2154001,71,70-79,25025000805.0,Census Tract 8.05; Suffolk County; Massachusetts,53824.0,Moderate Income,Potentially Eligible,Fair,Fair,Average,True,Fair,0,1,False,No Violations,True,5+ Years (Matched),317.79,Excellent (≤500m),397.37809546,Good (300-600m),28,High,Homeowner,755600.00
12ETS1740000,84,80-89,25025010103.0,Census Tract 101.03; Suffolk County; Massachusetts,45000.0,Low Income,Eligible,Average,Good,Average,False,Good,0,0,False,No Violations,True,5+ Years (Matched),208.32,Excellent (≤500m),306.68386321,Good (300-600m),28,High,Homeowner,1161400.00
08SWQ1552000,73,70-79,25025000506.0,Census Tract 5.06; Suffolk County; Massachusetts,73403.0,Moderate Income,Potentially Eligible,Fair,Average,Average,True,Fair,0,0,False,No Violations,True,5+ Years (Matched),319.72,Excellent (≤500m),315.19346228,Good (300-600m),28,High,Renter,979900.00
04DML3062000,63,62-69,25025000603.0,Census Tract 6.03; Suffolk County; Massachusetts,33229.0,Low Income,Eligible,Average,Average,Average,False,Good,0,0,False,No Violations,True,5+ Years (Matched),260.49,Excellent (≤500m),337.43155879,Good (300-600m),28,High,Homeowner,1203500.00
05GRT1760001,65,62-69,25025000603.0,Census Tract 6.03; Suffolk County; Massachusetts,33229.0,Low Income,Eligible,Unknown,Unknown,Unknown,False,Good,0,0,False,No Violations,True,5+ Years (Matched),187.09,Excellent (≤500m),320.65475776,Good (300-600m),28,High,Renter,138162000.00
12BPE1443000,81,80-89,25025000603.0,Census Tract 6.03; Suffolk County; Massachusetts,33229.0,Low Income,Eligible,Average,Average,Average,False,Good,0,0,False,No Violations,True,5+ Years (Matched),251.14,Excellent (≤500m),311.96053686,Good (300-600m),28,High,Homeowner,815200.00
10MMY1661001,64,62-69,25025010103.0,Census Tract 101.03; Suffolk County; Massachusetts,45000.0,Low Income,Eligible,Average,Average,Average,False,Good,0,0,False,No Violations,True,5+ Years (Matched),274.14,Excellent (≤500m),316.78567599,Good (300-600m),28,High,Homeowner,1251100.00
10GCL2554000,71,70-79,25025000603.0,Census Tract 6.03; Suffolk County; Massachusetts,33229.0,Low Income,Eligible,Average,Average,Average,False,Good,0,0,False,No Violations,True,5+ Years (Matched),166.14,Excellent (≤500m),368.74325847,Good (300-600m),28,High,Homeowner,1036900.00
01AJH2754003,71,70-79,25025000603.0,Census Tract 6.03; Suffolk County; Massachusetts,33229.0,Low Income,Eligible,Good,Average,Average,False,Good,0,0,False,No Violations,True,5+ Years (Matched),357.23,Excellent (≤500m),335.71389879,Good (300-600m),28,High,Homeowner,1236800.00
06KJH2352002,73,70-79,25025000603.0,Census Tract 6.03; Suffolk County; Massachusetts,33229.0,Low Income,Eligible,Good,Average,Average,False,Good,0,0,False,No Violations,True,5+ Years (Matched),357.23,Excellent (≤500m),335.71389879,Good (300-600m),28,High,Homeowner,1236800.00
04FMT1444002,81,80-89,25025010103.0,Census Tract 101.03; Suffolk County; Massachusetts,45000.0,Low Income,Eligible,Average,Average,Average,False,Good,0,0,False,No Violations,True,5+ Years (Matched),274.69,Excellent (≤500m),303.15633239,Good (300-600m),28,High,Homeowner,897600.00
04FMT1444001,81,80-89,25025010103.0,Census Tract 101.03; Suffolk County; Massachusetts,45000.0,Low Income,Eligible,Average,Average,Average,False,Good,0,0,False,No Violations,True,5+ Years (Matched),274.69,Excellent (≤500m),303.15633239,Good (300-600m),28,High,Homeowner,897600.00
05VLA0362000,63,62-69,25025000603.0,Census Tract 6.03; Suffolk County; Massachusetts,33229.0,Low Income,Eligible,Average,Average,Average,False,Good,0,0,False,No Violations,True,5+ Years (Matched),183.85,Excellent (≤500m),388.01411994,Good (300-600m),28,High,Homeowner,1125100.00
02KTI1651003,74,70-79,25025000603.0,Census Tract 6.03; Suffolk County; Massachusetts,33229.0,Low Income,Eligible,Unknown,Unknown,Unknown,False,Good,0,0,False,No Violations,True,5+ Years (Matched),148.12,Excellent (≤500m),312.91896349,Good (300-600m),28,High,Renter,0.00
07MJH3140000,85,80-89,25025000603.0,Census Tract 6.03; Suffolk County; Massachusetts,33229.0,Low Income,Eligible,Average,Average,Average,False,Good,0,0,False,No Violations,True,5+ Years (Matched),158.02,Excellent (≤500m),326.9496265,Good (300-600m),28,High,Homeowner,1128200.00
02MMN0561001,64,62-69,25025010103.0,Census Tract 101.03; Suffolk County; Massachusetts,45000.0,Low Income,Eligible,Unknown,Unknown,Unknown,False,Good,0,0,False,No Violations,True,5+ Years (Matched),216.88,Excellent (≤500m),331.70929797,Good (300-600m),28,High,Renter,0.00
05CSN2463004,62,62-69,25025010103.0,Census Tract 101.03; Suffolk County; Massachusetts,45000.0,Low Income,Eligible,Average,Average,Average,False,Good,0,0,False,No Violations,True,5+ Years (Matched),267.17,Excellent (≤500m),321.05581586,Good (300-600m),28,High,Homeowner,1152400.00
10GGA2060000,65,62-69,25025000603.0,Census Tract 6.03; Suffolk County; Massachusetts,33229.0,Low Income,Eligible,Average,Average,Average,False,Good,0,0,False,No Violations,True,5+ Years (Matched),156.04,Excellent (≤500m),358.06803889,Good (300-600m),28,High,Homeowner,1065000.00
01DWM2731000,94,90+,25025010103.0,Census Tract 101.03; Suffolk County; Massachusetts,45000.0,Low Income,Eligible,Average,Average,Average,False,Good,0,0,False,No Violations,True,5+ Years (Matched),274.69,Excellent (≤500m),303.15633239,Good (300-600m),28,High,Homeowner,897600.00
08MJN1762004,63,62-69,25025000603.0,Census Tract 6.03; Suffolk County; Massachusetts,33229.0,Low Income,Eligible,Unknown,Unknown,Unknown,False,Good,0,0,False,No Violations,True,5+ Years (Matched),187.09,Excellent (≤500m),320.65475776,Good (300-600m),28,High,Renter,138162000.00
01WKY0159001,66,62-69,25025000603.0,Census Tract 6.03; Suffolk County; Massachusetts,33229.0,Low Income,Eligible,Unknown,Unknown,Unknown,False,Good,0,0,False,No Violations,True,5+ Years (Matched),187.09,Excellent (≤500m),320.65475776,Good (300-600m),28,High,Renter,138162000.00
11PJG2256000,68,62-69,25025010103.0,Census Tract 101.03; Suffolk County; Massachusetts,45000.0,Low Income,Eligible,Average,Average,Average,False,Good,0,0,False,No Violations,True,5+ Years (Matched),272.99,Excellent (≤500m),313.65222106,Good (300-600m),28,High,Homeowner,1133800.00
08ASA0562001,63,62-69,25025000603.0,Census Tract 6.03; Suffolk County; Massachusetts,33229.0,Low Income,Eligible,Average,Average,Average,False,Good,0,0,False,No Violations,True,5+ Years (Matched),262.64,Excellent (≤500m),318.81622317,Good (300-600m),28,High,Homeowner,1240300.00
01SGG2059000,66,62-69,25025000603.0,Census Tract 6.03; Suffolk County; Massachusetts,33229.0,Low Income,Eligible,Average,Average,Average,False,Good,0,0,False,No Violations,True,5+ Years (Matched),221.99,Excellent (≤500m),305.84984383,Good (300-600m),28,High,Renter,1209100.00
06MPP0959000,66,62-69,25025000603.0,Census Tract 6.03; Suffolk County; Massachusetts,33229.0,Low Income,Eligible,Average,Average,Average,False,Good,0,0,False,No Violations,True,5+ Years (Matched),166.14,Excellent (≤500m),368.74325847,Good (300-600m),28,High,Homeowner,1036900.00
12CAW2557002,67,62-69,25025000603.0,Census Tract 6.03; Suffolk County; Massachusetts,33229.0,Low Income,Eligible,Unknown,Unknown,Unknown,False,Good,0,0,False,No Violations,True,5+ Years (Matched),187.09,Excellent (≤500m),320.65475776,Good (300-600m),28,High,Renter,138162000.00
01CMD0758001,67,62-69,25025010103.0,Census Tract 101.03; Suffolk County; Massachusetts,45000.0,Low Income,Eligible,Unknown,Unknown,Unknown,False,Good,0,0,False,No Violations,True,5+ Years (Matched),251.52,Excellent (≤500m),344.96216484,Good (300-600m),28,High,Renter,0.00
07CPE2435000,90,90+,25025000805.0,Census Tract 8.05; Suffolk County; Massachusetts,53824.0,Moderate Income,Potentially Eligible,Fair,Fair,Average,True,Fair,0,0,False,No Violations,True,5+ Years (Matched),263.43,Excellent (≤500m),361.85949799,Good (300-600m),28,High,Homeowner,815000.00
12DFA2058001,66,62-69,25025000603.0,Census Tract 6.03; Suffolk County; Massachusetts,33229.0,Low Income,Eligible,Average,Average,Average,False,Good,0,0,False,No Violations,True,5+ Years (Matched),349.78,Excellent (≤500m),302.47128426,Good (300-600m),28,High,Homeowner,1180700.00
04KML0249001,76,70-79,25025000603.0,Census Tract 6.03; Suffolk County; Massachusetts,33229.0,Low Income,Eligible,Average,Average,Average,False,Good,0,0,False,No Violations,True,5+ Years (Matched),241.69,Excellent (≤500m),362.33049837,Good (300-600m),28,High,Homeowner,1203500.00
10SAA1962000,63,62-69,25025000603.0,Census Tract 6.03; Suffolk County; Massachusetts,33229.0,Low Income,Eligible,Unknown,Unknown,Unknown,False,Good,0,0,False,No Violations,True,5+ Years (Matched),591.32,Good (500-1000m),29.43065377,Excellent (≤300m),28,High,Renter,5425100.00
08KCS0658000,67,62-69,25025000603.0,Census Tract 6.03; Suffolk County; Massachusetts,33229.0,Low Income,Eligible,Unknown,Unknown,Unknown,False,Good,0,0,False,No Violations,True,5+ Years (Matched),591.32,Good (500-1000m),29.43065377,Excellent (≤300m),28,High,Renter,5425100.00
08WTY3062000,63,62-69,25025010103.0,Census Tract 101.03; Suffolk County; Massachusetts,45000.0,Low Income,Eligible,Unknown,Unknown,Unknown,False,Good,0,0,False,No Violations,True,5+ Years (Matched),258.31,Excellent (≤500m),300.51582955,Good (300-600m),28,High,Renter,0.00
02HAD0949001,76,70-79,25025000603.0,Census Tract 6.03; Suffolk County; Massachusetts,33229.0,Low Income,Eligible,Unknown,Unknown,Unknown,False,Good,0,0,False,No Violations,True,5+ Years (Matched),187.09,Excellent (≤500m),320.65475776,Good (300-600m),28,High,Renter,138162000.00
01GHG0361000,64,62-69,25025000603.0,Census Tract 6.03; Suffolk County; Massachusetts,33229.0,Low Income,Eligible,Average,Average,Average,False,Good,0,0,False,No Violations,True,5+ Years (Matched),156.04,Excellent (≤500m),358.06803889,Good (300-600m),28,High,Homeowner,1065000.00
12TBN0757000,67,62-69,25025000603.0,Census Tract 6.03; Suffolk County; Massachusetts,33229.0,Low Income,Eligible,Average,Average,Average,False,Good,0,0,False,No Violations,True,5+ Years (Matched),261.56,Excellent (≤500m),348.91431823,Good (300-600m),28,High,Renter,1242900.00
07HRE1559000,66,62-69,25025000603.0,Census Tract 6.03; Suffolk County; Massachusetts,33229.0,Low Income,Eligible,Unknown,Unknown,Unknown,False,Good,0,0,False,No Violations,True,5+ Years (Matched),187.09,Excellent (≤500m),320.65475776,Good (300-600m),28,High,Renter,138162000.00
10GML1463000,62,62-69,25025000805.0,Census Tract 8.05; Suffolk County; Massachusetts,53824.0,Moderate Income,Potentially Eligible,Fair,Average,Average,True,Fair,0,0,False,No Violations,True,5+ Years (Matched),178.85,Excellent (≤500m),408.83416099,Good (300-600m),28,High,Homeowner,1208900.00
03KDA2259000,66,62-69,25025010103.0,Census Tract 101.03; Suffolk County; Massachusetts,45000.0,Low Income,Eligible,Unknown,Unknown,Unknown,False,Good,0,0,False,No Violations,True,5+ Years (Matched),258.31,Excellent (≤500m),300.51582955,Good (300-600m),28,High,Renter,0.00
09GLE1057000,68,62-69,25025000603.0,Census Tract 6.03; Suffolk County; Massachusetts,33229.0,Low Income,Eligible,Unknown,Unknown,Unknown,False,Good,0,0,False,No Violations,True,5+ Years (Matched),187.09,Excellent (≤500m),320.65475776,Good (300-600m),28,High,Renter,138162000.00
09TVA2829000,96,90+,25025010103.0,Census Tract 101.03; Suffolk County; Massachusetts,45000.0,Low Income,Eligible,Unknown,Unknown,Unknown,False,Good,0,0,False,No Violations,True,5+ Years (Matched),244.98,Excellent (≤500m),348.34987345,Good (300-600m),28,High,Renter,0.00
02WKH2263003,62,62-69,25025000603.0,Census Tract 6.03; Suffolk County; Massachusetts,33229.0,Low Income,Eligible,Unknown,Unknown,Unknown,False,Good,0,0,False,No Violations,True,5+ Years (Matched),591.32,Good (500-1000m),29.43065377,Excellent (≤300m),28,High,Renter,5425100.00
01DEE2857000,68,62-69,25025000603.0,Census Tract 6.03; Suffolk County; Massachusetts,33229.0,Low Income,Eligible,Unknown,Unknown,Unknown,False,Good,0,0,False,No Violations,True,5+ Years (Matched),187.09,Excellent (≤500m),320.65475776,Good (300-600m),28,High,Renter,138162000.00
04AMD0252001,73,70-79,25025000603.0,Census Tract 6.03; Suffolk County; Massachusetts,33229.0,Low Income,Eligible,Average,Average,Average,False,Good,0,0,False,No Violations,True,5+ Years (Matched),,No Store Data,122.83854189,Excellent (≤300m),27,High,Unknown,
06MTS2148002,77,70-79,25025000506.0,Census Tract 5.06; Suffolk County; Massachusetts,73403.0,Moderate Income,Potentially Eligible,Fair,Fair,Average,True,Fair,0,0,False,No Violations,True,5+ Years (Matched),,No Store Data,52.92245639,Excellent (≤300m),27,High,Unknown,
07YLV2433000,92,90+,25025000703.0,Census Tract 7.03; Suffolk County; Massachusetts,46985.0,Low Income,Eligible,Unknown,Unknown,Unknown,False,Good,0,0,False,No Violations,True,5+ Years (Matched),,No Store Data,20.85030423,Excellent (≤300m),27,High,Unknown,
09DMA0151000,74,70-79,25025000703.0,Census Tract 7.03; Suffolk County; Massachusetts,46985.0,Low Income,Eligible,Unknown,Unknown,Unknown,False,Good,0,0,False,No Violations,True,5+ Years (Matched),,No Store Data,20.85030423,Excellent (≤300m),27,High,Unknown,
03MPH0253000,72,70-79,25025000603.0,Census Tract 6.03; Suffolk County; Massachusetts,33229.0,Low Income,Eligible,Average,Average,Average,False,Good,0,0,False,No Violations,True,5+ Years (Matched),,No Store Data,125.20332913,Excellent (≤300m),27,High,Unknown,
11LAO1059000,66,62-69,25025000703.0,Census Tract 7.03; Suffolk County; Massachusetts,46985.0,Low Income,Eligible,Unknown,Unknown,Unknown,False,Good,0,0,False,No Violations,True,5+ Years (Matched),,No Store Data,44.62070391,Excellent (≤300m),27,High,Unknown,
10OJE3153000,72,70-79,25025000703.0,Census Tract 7.03; Suffolk County; Massachusetts,46985.0,Low Income,Eligible,Unknown,Unknown,Unknown,False,Good,0,0,False,No Violations,True,5+ Years (Matched),,No Store Data,23.5436929,Excellent (≤300m),27,High,Unknown,
03ARA3051001,74,70-79,25025000703.0,Census Tract 7.03; Suffolk County; Massachusetts,46985.0,Low Income,Eligible,Unknown,Unknown,Unknown,False,Good,0,0,False,No Violations,True,5+ Years (Matched),,No Store Data,21.75931055,Excellent (≤300m),27,High,Unknown,
09HSA1151001,74,70-79,25025000703.0,Census Tract 7.03; Suffolk County; Massachusetts,46985.0,Low Income,Eligible,Unknown,Unknown,Unknown,False,Good,0,0,False,No Violations,True,5+ Years (Matched),,No Store Data,21.75931055,Excellent (≤300m),27,High,Unknown,
01TAD0133000,92,90+,25025000703.0,Census Tract 7.03; Suffolk County; Massachusetts,46985.0,Low Income,Eligible,Unknown,Unknown,Unknown,False,Good,0,0,False,No Violations,True,5+ Years (Matched),,No Store Data,20.85030423,Excellent (≤300m),27,High,Unknown,
09RII0638000,87,80-89,25025000703.0,Census Tract 7.03; Suffolk County; Massachusetts,46985.0,Low Income,Eligible,Unknown,Unknown,Unknown,False,Good,0,0,False,No Violations,True,5+ Years (Matched),,No Store Data,20.85030423,Excellent (≤300m),27,High,Unknown,
05NBS1748001,77,70-79,25025000703.0,Census Tract 7.03; Suffolk County; Massachusetts,46985.0,Low Income,Eligible,Unknown,Unknown,Unknown,False,Good,0,0,False,No Violations,True,5+ Years (Matched),,No Store Data,20.85030423,Excellent (≤300m),27,High,Unknown,
06NTS1451000,74,70-79,25025000703.0,Census Tract 7.03; Suffolk County; Massachusetts,46985.0,Low Income,Eligible,Unknown,Unknown,Unknown,False,Good,0,1,False,No Violations,True,5+ Years (Matched),,No Store Data,39.36544813,Excellent (≤300m),27,High,Unknown,
07JML1959000,66,62-69,25025000703.0,Census Tract 7.03; Suffolk County; Massachusetts,46985.0,Low Income,Eligible,Unknown,Unknown,Unknown,False,Good,0,0,False,No Violations,True,5+ Years (Matched),,No Store Data,20.85030423,Excellent (≤300m),27,High,Unknown,
06KVR2743000,82,80-89,25025000703.0,Census Tract 7.03; Suffolk County; Massachusetts,46985.0,Low Income,Eligible,Unknown,Unknown,Unknown,False,Good,0,0,False,No Violations,True,5+ Years (Matched),,No Store Data,44.62070391,Excellent (≤300m),27,High,Unknown,
03ASZ3161001,64,62-69,25025000603.0,Census Tract 6.03; Suffolk County; Massachusetts,33229.0,Low Income,Eligible,Average,Average,Average,False,Good,0,0,False,No Violations,True,5+ Years (Matched),,No Store Data,122.83854189,Excellent (≤300m),27,High,Unknown,
04WKK1859001,66,62-69,25025000703.0,Census Tract 7.03; Suffolk County; Massachusetts,46985.0,Low Income,Eligible,Unknown,Unknown,Unknown,False,Good,0,0,False,No Violations,True,5+ Years (Matched),,No Store Data,21.75931055,Excellent (≤300m),27,High,Unknown,
01MSA0116004,74,70-79,25025000703.0,Census Tract 7.03; Suffolk County; Massachusetts,46985.0,Low Income,Eligible,Unknown,Unknown,Unknown,False,Good,0,0,False,No Violations,True,5+ Years (Matched),,No Store Data,21.75931055,Excellent (≤300m),27,High,Unknown,
05PFA0147001,78,70-79,25025000703.0,Census Tract 7.03; Suffolk County; Massachusetts,46985.0,Low Income,Eligible,Unknown,Unknown,Unknown,False,Good,0,0,False,No Violations,True,5+ Years (Matched),,No Store Data,20.85030423,Excellent (≤300m),27,High,Unknown,
10RML1644001,81,80-89,25025000703.0,Census Tract 7.03; Suffolk County; Massachusetts,46985.0,Low Income,Eligible,Unknown,Unknown,Unknown,False,Good,0,0,False,No Violations,True,5+ Years (Matched),,No Store Data,21.75931055,Excellent (≤300m),27,High,Unknown,
10TRA3054000,71,70-79,25025000703.0,Census Tract 7.03; Suffolk County; Massachusetts,46985.0,Low Income,Eligible,Unknown,Unknown,Unknown,False,Good,0,0,False,No Violations,True,5+ Years (Matched),,No Store Data,20.85030423,Excellent (≤300m),27,High,Unknown,
09WAE1054004,71,70-79,25025000703.0,Census Tract 7.03; Suffolk County; Massachusetts,46985.0,Low Income,Eligible,Unknown,Unknown,Unknown,False,Good,0,0,False,No Violations,True,5+ Years (Matched),,No Store Data,21.75931055,Excellent (≤300m),27,High,Unknown,
01SRA0652000,73,70-79,25025000703.0,Census Tract 7.03; Suffolk County; Massachusetts,46985.0,Low Income,Eligible,Unknown,Unknown,Unknown,False,Good,0,0,False,No Violations,True,5+ Years (Matched),,No Store Data,20.85030423,Excellent (≤300m),27,High,Unknown,
08PLD2047001,78,70-79,25025000703.0,Census Tract 7.03; Suffolk County; Massachusetts,46985.0,Low Income,Eligible,Unknown,Unknown,Unknown,False,Good,0,0,False,No Violations,True,5+ Years (Matched),,No Store Data,20.85030423,Excellent (≤300m),27,High,Unknown,
12LQI2260000,64,62-69,25025000703.0,Census Tract 7.03; Suffolk County; Massachusetts,46985.0,Low Income,Eligible,Unknown,Unknown,Unknown,False,Good,0,0,False,No Violations,True,5+ Years (Matched),,No Store Data,21.75931055,Excellent (≤300m),27,High,Unknown,
10HAH0547000,78,70-79,25025000703.0,Census Tract 7.03; Suffolk County; Massachusetts,46985.0,Low Income,Eligible,Unknown,Unknown,Unknown,False,Good,0,0,False,No Violations,True,5+ Years (Matched),,No Store Data,21.75931055,Excellent (≤300m),27,High,Unknown,
10CST3163000,62,62-69,25025010103.0,Census Tract 101.03; Suffolk County; Massachusetts,45000.0,Low Income,Eligible,Good,Average,Average,False,Good,0,0,False,No Violations,True,5+ Years (Matched),,No Store Data,104.4251756,Excellent (≤300m),27,High,Unknown,
03YSN1428000,97,90+,25025000703.0,Census Tract 7.03; Suffolk County; Massachusetts,46985.0,Low Income,Eligible,Unknown,Unknown,Unknown,False,Good,0,0,False,No Violations,True,5+ Years (Matched),,No Store Data,20.85030423,Excellent (≤300m),27,High,Unknown,
06DHE0558001,67,62-69,25025000703.0,Census Tract 7.03; Suffolk County; Massachusetts,46985.0,Low Income,Eligible,Unknown,Unknown,Unknown,False,Good,0,0,False,No Violations,True,5+ Years (Matched),,No Store Data,24.62351106,Excellent (≤300m),27,High,Unknown,
07MSJ1955000,70,70-79,25025000603.0,Census Tract 6.03; Suffolk County; Massachusetts,33229.0,Low Income,Eligible,Average,Average,Average,False,Good,0,0,False,No Violations,True,5+ Years (Matched),,No Store Data,125.20332913,Excellent (≤300m),27,High,Unknown,
10SLD2149001,76,70-79,25025000703.0,Census Tract 7.03; Suffolk County; Massachusetts,46985.0,Low Income,Eligible,Unknown,Unknown,Unknown,False,Good,0,0,False,No Violations,True,5+ Years (Matched),,No Store Data,20.85030423,Excellent (≤300m),27,High,Unknown,
06BIF2154001,71,70-79,25025000703.0,Census Tract 7.03; Suffolk County; Massachusetts,46985.0,Low Income,Eligible,Unknown,Unknown,Unknown,False,Good,0,0,False,No Violations,True,5+ Years (Matched),,No Store Data,20.85030423,Excellent (≤300m),27,High,Unknown,
04REA2240001,85,80-89,25025000703.0,Census Tract 7.03; Suffolk County; Massachusetts,46985.0,Low Income,Eligible,Unknown,Unknown,Unknown,False,Good,0,0,False,No Violations,True,5+ Years (Matched),,No Store Data,20.85030423,Excellent (≤300m),27,High,Unknown,
06LJG1849000,76,70-79,25025000703.0,Census Tract 7.03; Suffolk County; Massachusetts,46985.0,Low Income,Eligible,Unknown,Unknown,Unknown,False,Good,0,0,False,No Violations,True,5+ Years (Matched),,No Store Data,21.75931055,Excellent (≤300m),27,High,Unknown,
11HFN2247001,77,70-79,25025000703.0,Census Tract 7.03; Suffolk County; Massachusetts,46985.0,Low Income,Eligible,Unknown,Unknown,Unknown,False,Good,0,0,False,No Violations,True,5+ Years (Matched),,No Store Data,23.5436929,Excellent (≤300m),27,High,Unknown,
12BLA0535000,89,80-89,25025000703.0,Census Tract 7.03; Suffolk County; Massachusetts,46985.0,Low Income,Eligible,Unknown,Unknown,Unknown,False,Good,0,0,False,No Violations,True,5+ Years (Matched),,No Store Data,21.75931055,Excellent (≤300m),27,High,Unknown,
01TAA0160204,67,62-69,25025000703.0,Census Tract 7.03; Suffolk County; Massachusetts,46985.0,Low Income,Eligible,Unknown,Unknown,Unknown,False,Good,0,0,False,No Violations,True,5+ Years (Matched),,No Store Data,23.5436929,Excellent (≤300m),27,High,Unknown,
01LJH0135001,90,90+,25025000703.0,Census Tract 7.03; Suffolk County; Massachusetts,46985.0,Low Income,Eligible,Unknown,Unknown,Unknown,False,Good,0,0,False,No Violations,True,5+ Years (Matched),,No Store Data,21.75931055,Excellent (≤300m),27,High,Unknown,
08LMA2996000,89,80-89,25025000703.0,Census Tract 7.03; Suffolk County; Massachusetts,46985.0,Low Income,Eligible,Unknown,Unknown,Unknown,False,Good,0,0,False,No Violations,True,5+ Years (Matched),,No Store Data,21.75931055,Excellent (≤300m),27,High,Unknown,
10PMA1557001,68,62-69,25025000703.0,Census Tract 7.03; Suffolk County; Massachusetts,46985.0,Low Income,Eligible,Unknown,Unknown,Unknown,False,Good,0,0,False,No Violations,True,5+ Years (Matched),,No Store Data,24.62351106,Excellent (≤300m),27,High,Unknown,
07FML2246000,79,70-79,25025000703.0,Census Tract 7.03; Suffolk County; Massachusetts,46985.0,Low Income,Eligible,Unknown,Unknown,Unknown,False,Good,0,0,False,No Violations,True,5+ Years (Matched),,No Store Data,20.85030423,Excellent (≤300m),27,High,Unknown,
10TRA3046000,79,70-79,25025000703.0,Census Tract 7.03; Suffolk County; Massachusetts,46985.0,Low Income,Eligible,Unknown,Unknown,Unknown,False,Good,0,0,False,No Violations,True,5+ Years (Matched),,No Store Data,21.75931055,Excellent (≤300m),27,High,Unknown,
04KEA0434000,91,90+,25025000703.0,Census Tract 7.03; Suffolk County; Massachusetts,46985.0,Low Income,Eligible,Unknown,Unknown,Unknown,False,Good,0,0,False,No Violations,True,5+ Years (Matched),,No Store Data,20.85030423,Excellent (≤300m),27,High,Unknown,
07SLV2538001,87,80-89,25025000703.0,Census Tract 7.03; Suffolk County; Massachusetts,46985.0,Low Income,Eligible,Unknown,Unknown,Unknown,False,Good,0,0,False,No Violations,True,5+ Years (Matched),,No Store Data,20.85030423,Excellent (≤300m),27,High,Unknown,
05KYA2346000,79,70-79,25025000703.0,Census Tract 7.03; Suffolk County; Massachusetts,46985.0,Low Income,Eligible,Unknown,Unknown,Unknown,False,Good,0,0,False,No Violations,True,5+ Years (Matched),,No Store Data,44.62070391,Excellent (≤300m),27,High,Unknown,
12TKM1861001,63,62-69,25025000703.0,Census Tract 7.03; Suffolk County; Massachusetts,46985.0,Low Income,Eligible,Unknown,Unknown,Unknown,False,Good,0,0,False,No Violations,True,5+ Years (Matched),,No Store Data,21.75931055,Excellent (≤300m),27,High,Unknown,
10OSA0257000,68,62-69,25025000703.0,Census Tract 7.03; Suffolk County; Massachusetts,46985.0,Low Income,Eligible,Unknown,Unknown,Unknown,False,Good,0,0,False,No Violations,True,5+ Years (Matched),,No Store Data,44.62070391,Excellent (≤300m),27,High,Unknown,
12BGI1437000,87,80-89,25025000703.0,Census Tract 7.03; Suffolk County; Massachusetts,46985.0,Low Income,Eligible,Unknown,Unknown,Unknown,False,Good,0,0,False,No Violations,True,5+ Years (Matched),,No Store Data,20.85030423,Excellent (≤300m),27,High,Unknown,
04CSU2857000,68,62-69,25025000703.0,Census Tract 7.03; Suffolk County; Massachusetts,46985.0,Low Income,Eligible,Unknown,Unknown,Unknown,False,Good,0,0,False,No Violations,True,5+ Years (Matched),,No Store Data,24.62351106,Excellent (≤300m),27,High,Unknown,
01DDK0160006,64,62-69,25025000703.0,Census Tract 7.03; Suffolk County; Massachusetts,46985.0,Low Income,Eligible,Unknown,Unknown,Unknown,False,Good,0,0,False,No Violations,True,5+ Years (Matched),,No Store Data,21.75931055,Excellent (≤300m),27,High,Unknown,
08BGY0847001,78,70-79,25025000703.0,Census Tract 7.03; Suffolk County; Massachusetts,46985.0,Low Income,Eligible,Unknown,Unknown,Unknown,False,Good,0,0,False,No Violations,True,5+ Years (Matched),,No Store Data,44.62070391,Excellent (≤300m),27,High,Unknown,
02MMA2361000,64,62-69,25025000703.0,Census Tract 7.03; Suffolk County; Massachusetts,46985.0,Low Income,Eligible,Unknown,Unknown,Unknown,False,Good,0,0,False,No Violations,True,5+ Years (Matched),,No Store Data,44.62070391,Excellent (≤300m),27,High,Unknown,
09RMA0957000,68,62-69,25025000703.0,Census Tract 7.03; Suffolk County; Massachusetts,46985.0,Low Income,Eligible,Unknown,Unknown,Unknown,False,Good,0,0,False,No Violations,True,5+ Years (Matched),,No Store Data,20.85030423,Excellent (≤300m),27,High,Unknown,
08LAA0538004,87,80-89,25025000703.0,Census Tract 7.03; Suffolk County; Massachusetts,46985.0,Low Income,Eligible,Unknown,Unknown,Unknown,False,Good,0,0,False,No Violations,True,5+ Years (Matched),,No Store Data,21.75931055,Excellent (≤300m),27,High,Unknown,
12RDS0850000,74,70-79,25025000703.0,Census Tract 7.03; Suffolk County; Massachusetts,46985.0,Low Income,Eligible,Unknown,Unknown,Unknown,False,Good,0,0,False,No Violations,True,5+ Years (Matched),,No Store Data,20.85030423,Excellent (≤300m),27,High,Unknown,
03SIA2151000,74,70-79,25025000703.0,Census Tract 7.03; Suffolk County; Massachusetts,46985.0,Low Income,Eligible,Unknown,Unknown,Unknown,False,Good,0,0,False,No Violations,True,5+ Years (Matched),,No Store Data,20.85030423,Excellent (≤300m),27,High,Unknown,
06GME0760000,65,62-69,25025000703.0,Census Tract 7.03; Suffolk County; Massachusetts,46985.0,Low Income,Eligible,Unknown,Unknown,Unknown,False,Good,0,0,False,No Violations,True,5+ Years (Matched),,No Store Data,21.75931055,Excellent (≤300m),27,High,Unknown,
04OVA0937000,88,80-89,25025000703.0,Census Tract 7.03; Suffolk County; Massachusetts,46985.0,Low Income,Eligible,Unknown,Unknown,Unknown,False,Good,0,0,False,No Violations,True,5+ Years (Matched),,No Store Data,21.75931055,Excellent (≤300m),27,High,Unknown,
09NAA1646002,79,70-79,25025000703.0,Census Tract 7.03; Suffolk County; Massachusetts,46985.0,Low Income,Eligible,Unknown,Unknown,Unknown,False,Good,0,0,False,No Violations,True,5+ Years (Matched),,No Store Data,20.85030423,Excellent (≤300m),27,High,Unknown,
04AJH0256000,69,62-69,25025000703.0,Census Tract 7.03; Suffolk County; Massachusetts,46985.0,Low Income,Eligible,Unknown,Unknown,Unknown,False,Good,0,0,False,No Violations,True,5+ Years (Matched),,No Store Data,44.62070391,Excellent (≤300m),27,High,Unknown,
01BJS1662001,63,62-69,25025000703.0,Census Tract 7.03; Suffolk County; Massachusetts,46985.0,Low Income,Eligible,Average,Average,Good,False,Good,0,0,False,No Violations,True,5+ Years (Matched),117.66,Excellent (≤500m),174.34865332,Excellent (≤300m),25,Medium,Homeowner,1064300.00
05SGY0348000,77,70-79,25025010103.0,Census Tract 101.03; Suffolk County; Massachusetts,45000.0,Low Income,Eligible,Unknown,Unknown,Unknown,False,Good,0,0,False,No Violations,True,5+ Years (Matched),296.51,Excellent (≤500m),257.03425895,Excellent (≤300m),25,Medium,Renter,0.00
06VCO1050000,75,70-79,25025010103.0,Census Tract 101.03; Suffolk County; Massachusetts,45000.0,Low Income,Eligible,Unknown,Unknown,Unknown,False,Good,0,0,False,No Violations,True,5+ Years (Matched),103.02,Excellent (≤500m),160.47236949,Excellent (≤300m),25,Medium,Renter,0.00
11NKN1152000,73,70-79,25025010103.0,Census Tract 101.03; Suffolk County; Massachusetts,45000.0,Low Income,Eligible,Average,Average,Average,False,Good,0,0,False,No Violations,True,5+ Years (Matched),147.05,Excellent (≤500m),210.78019387,Excellent (≤300m),25,Medium,Homeowner,1185200.00
12STY3051001,73,70-79,25025000506.0,Census Tract 5.06; Suffolk County; Massachusetts,73403.0,Moderate Income,Potentially Eligible,Fair,Average,Good,True,Fair,0,0,False,No Violations,True,5+ Years (Matched),376.06,Excellent (≤500m),125.75739182,Excellent (≤300m),25,Medium,Homeowner,1562500.00
05CKN1550000,75,70-79,25025000506.0,Census Tract 5.06; Suffolk County; Massachusetts,73403.0,Moderate Income,Potentially Eligible,Fair,Fair,Average,True,Fair,0,0,False,No Violations,True,5+ Years (Matched),202.04,Excellent (≤500m),14.89924748,Excellent (≤300m),25,Medium,Homeowner,1364000.00
05MJH2748001,77,70-79,25025000603.0,Census Tract 6.03; Suffolk County; Massachusetts,33229.0,Low Income,Eligible,Unknown,Unknown,Unknown,False,Good,0,0,False,No Violations,True,5+ Years (Matched),361.27,Excellent (≤500m),53.98365226,Excellent (≤300m),25,Medium,Renter,0.00
03PDG2161001,64,62-69,25025000603.0,Census Tract 6.03; Suffolk County; Massachusetts,33229.0,Low Income,Eligible,Good,Average,Average,False,Good,0,0,False,No Violations,True,5+ Years (Matched),400.63,Excellent (≤500m),193.40210912,Excellent (≤300m),25,Medium,Renter,1010000.00
05NEE0852000,73,70-79,25025000603.0,Census Tract 6.03; Suffolk County; Massachusetts,33229.0,Low Income,Eligible,Average,Average,Average,False,Good,0,1,False,No Violations,True,5+ Years (Matched),335.25,Excellent (≤500m),17.18954411,Excellent (≤300m),25,Medium,Homeowner,1118000.00
12SNL2860001,64,62-69,25025000603.0,Census Tract 6.03; Suffolk County; Massachusetts,33229.0,Low Income,Eligible,Average,Average,Average,False,Good,0,0,False,No Violations,True,5+ Years (Matched),196.71,Excellent (≤500m),222.28617071,Excellent (≤300m),25,Medium,Homeowner,868600.00
09HCO1652003,73,70-79,25025000703.0,Census Tract 7.03; Suffolk County; Massachusetts,46985.0,Low Income,Eligible,Unknown,Unknown,Unknown,False,Good,0,0,False,No Violations,True,5+ Years (Matched),102.9,Excellent (≤500m),97.64558051,Excellent (≤300m),25,Medium,Renter,26902496.00
11FCD2361001,63,62-69,25025010103.0,Census Tract 101.03; Suffolk County; Massachusetts,45000.0,Low Income,Eligible,Good,Average,Average,False,Good,0,0,False,No Violations,True,5+ Years (Matched),242.17,Excellent (≤500m),221.93566084,Excellent (≤300m),25,Medium,Homeowner,1463000.00
07RAA0152000,73,70-79,25025000703.0,Census Tract 7.03; Suffolk County; Massachusetts,46985.0,Low Income,Eligible,Unknown,Unknown,Unknown,False,Good,0,0,False,No Violations,True,5+ Years (Matched),102.9,Excellent (≤500m),97.64558051,Excellent (≤300m),25,Medium,Renter,26902496.00
03MJE1461001,64,62-69,25025010103.0,Census Tract 101.03; Suffolk County; Massachusetts,45000.0,Low Income,Eligible,Average,Average,Average,False,Good,0,0,False,No Violations,True,5+ Years (Matched),263.72,Excellent (≤500m),255.56085007,Excellent (≤300m),25,Medium,Renter,1556000.00
06TVA0448000,77,70-79,25025000703.0,Census Tract 7.03; Suffolk County; Massachusetts,46985.0,Low Income,Eligible,Unknown,Unknown,Unknown,False,Good,0,0,False,No Violations,True,5+ Years (Matched),151.1,Excellent (≤500m),111.5411665,Excellent (≤300m),25,Medium,Renter,27373404.00
01LJN1761000,64,62-69,25025010103.0,Census Tract 101.03; Suffolk County; Massachusetts,45000.0,Low Income,Eligible,Average,Average,Average,False,Good,0,0,False,No Violations,True,5+ Years (Matched),241.0,Excellent (≤500m),258.32242732,Excellent (≤300m),25,Medium,Homeowner,885000.00
05PCN2961000,64,62-69,25025010103.0,Census Tract 101.03; Suffolk County; Massachusetts,45000.0,Low Income,Eligible,Average,Average,Average,False,Good,0,0,False,No Violations,True,5+ Years (Matched),280.65,Excellent (≤500m),92.71795668,Excellent (≤300m),25,Medium,Homeowner,795300.00
11HME2551000,73,70-79,25025000703.0,Census Tract 7.03; Suffolk County; Massachusetts,46985.0,Low Income,Eligible,Average,Average,Average,False,Good,0,0,False,No Violations,True,5+ Years (Matched),172.23,Excellent (≤500m),33.55075909,Excellent (≤300m),25,Medium,Homeowner,1096500.00
11LFO2151001,73,70-79,25025010103.0,Census Tract 101.03; Suffolk County; Massachusetts,45000.0,Low Income,Eligible,Average,Average,Average,False,Good,0,0,False,No Violations,True,5+ Years (Matched),152.29,Excellent (≤500m),174.97090449,Excellent (≤300m),25,Medium,Homeowner,1261900.00
07WTA0152000,73,70-79,25025010103.0,Census Tract 101.03; Suffolk County; Massachusetts,45000.0,Low Income,Eligible,Average,Average,Average,False,Good,0,0,False,No Violations,True,5+ Years (Matched),166.07,Excellent (≤500m),210.39829091,Excellent (≤300m),25,Medium,Homeowner,1490800.00
04TEC0561000,64,62-69,25025000603.0,Census Tract 6.03; Suffolk County; Massachusetts,33229.0,Low Income,Eligible,Average,Average,Average,False,Good,0,0,False,No Violations,True,5+ Years (Matched),432.63,Excellent (≤500m),159.3080489,Excellent (≤300m),25,Medium,Homeowner,1034000.00
04CMN1150000,75,70-79,25025010103.0,Census Tract 101.03; Suffolk County; Massachusetts,45000.0,Low Income,Eligible,Average,Average,Average,False,Good,0,1,False,No Violations,True,5+ Years (Matched),188.16,Excellent (≤500m),272.48275087,Excellent (≤300m),25,Medium,Renter,1255700.00
07JBR0948000,77,70-79,25025010103.0,Census Tract 101.03; Suffolk County; Massachusetts,45000.0,Low Income,Eligible,Average,Average,Average,False,Good,0,0,False,No Violations,True,5+ Years (Matched),254.16,Excellent (≤500m),51.29956929,Excellent (≤300m),25,Medium,Homeowner,635700.00
12WAE1749000,75,70-79,25025010103.0,Census Tract 101.03; Suffolk County; Massachusetts,45000.0,Low Income,Eligible,Average,Average,Average,False,Good,0,0,False,No Violations,True,5+ Years (Matched),257.17,Excellent (≤500m),275.54395375,Excellent (≤300m),25,Medium,Homeowner,1108500.00
07FRD2752002,73,70-79,25025010103.0,Census Tract 101.03; Suffolk County; Massachusetts,45000.0,Low Income,Eligible,Average,Good,Average,False,Good,0,0,False,No Violations,True,5+ Years (Matched),219.22,Excellent (≤500m),276.07674564,Excellent (≤300m),25,Medium,Homeowner,1228000.00
04LRD3061000,64,62-69,25025010103.0,Census Tract 101.03; Suffolk County; Massachusetts,45000.0,Low Income,Eligible,Average,Average,Average,False,Good,0,0,False,No Violations,True,5+ Years (Matched),140.91,Excellent (≤500m),212.4171878,Excellent (≤300m),25,Medium,Homeowner,1111900.00
12CPR2151000,73,70-79,25025000506.0,Census Tract 5.06; Suffolk County; Massachusetts,73403.0,Moderate Income,Potentially Eligible,Average,Fair,Average,True,Fair,0,0,False,No Violations,True,5+ Years (Matched),257.38,Excellent (≤500m),247.58620496,Excellent (≤300m),25,Medium,Homeowner,1310300.00
06DBA2561003,64,62-69,25025010103.0,Census Tract 101.03; Suffolk County; Massachusetts,45000.0,Low Income,Eligible,Average,Average,Average,False,Good,0,0,False,No Violations,True,5+ Years (Matched),241.0,Excellent (≤500m),258.32242732,Excellent (≤300m),25,Medium,Homeowner,885000.00
07ASD0462000,63,62-69,25025000603.0,Census Tract 6.03; Suffolk County; Massachusetts,33229.0,Low Income,Eligible,Unknown,Unknown,Unknown,False,Good,0,1,False,No Violations,True,5+ Years (Matched),452.88,Excellent (≤500m),99.68955883,Excellent (≤300m),25,Medium,Renter,0.00
09LDH2361000,64,62-69,25025000703.0,Census Tract 7.03; Suffolk County; Massachusetts,46985.0,Low Income,Eligible,Unknown,Unknown,Unknown,False,Good,0,0,False,No Violations,True,5+ Years (Matched),49.03,Excellent (≤500m),64.67271941,Excellent (≤300m),25,Medium,Renter,3276900.00
04FPA0448001,77,70-79,25025010103.0,Census Tract 101.03; Suffolk County; Massachusetts,45000.0,Low Income,Eligible,Average,Good,Average,False,Good,0,0,False,No Violations,True,5+ Years (Matched),205.94,Excellent (≤500m),35.79586877,Excellent (≤300m),25,Medium,Homeowner,637700.00
03EJS2861000,64,62-69,25025010103.0,Census Tract 101.03; Suffolk County; Massachusetts,45000.0,Low Income,Eligible,Average,Average,Average,False,Good,0,0,False,No Violations,True,5+ Years (Matched),271.52,Excellent (≤500m),58.67977466,Excellent (≤300m),25,Medium,Homeowner,771000.00
04CKG1652000,73,70-79,25025010103.0,Census Tract 101.03; Suffolk County; Massachusetts,45000.0,Low Income,Eligible,Average,Average,Average,False,Good,0,0,False,No Violations,True,5+ Years (Matched),168.85,Excellent (≤500m),217.63563171,Excellent (≤300m),25,Medium,Homeowner,1161700.00
04DML1049000,76,70-79,25025000603.0,Census Tract 6.03; Suffolk County; Massachusetts,33229.0,Low Income,Eligible,Unknown,Unknown,Unknown,False,Good,0,0,False,No Violations,True,5+ Years (Matched),360.74,Excellent (≤500m),43.28233442,Excellent (≤300m),25,Medium,Renter,0.00
12JRH0151000,73,70-79,25025010103.0,Census Tract 101.03; Suffolk County; Massachusetts,45000.0,Low Income,Eligible,Average,Average,Average,False,Good,0,0,False,No Violations,True,5+ Years (Matched),187.86,Excellent (≤500m),56.28746252,Excellent (≤300m),25,Medium,Homeowner,835700.00
09THH0752001,73,70-79,25025010103.0,Census Tract 101.03; Suffolk County; Massachusetts,45000.0,Low Income,Eligible,Average,Average,Average,False,Good,0,0,False,No Violations,True,5+ Years (Matched),261.45,Excellent (≤500m),47.53465871,Excellent (≤300m),25,Medium,Homeowner,865500.00
10GSR2261001,64,62-69,25025010103.0,Census Tract 101.03; Suffolk County; Massachusetts,45000.0,Low Income,Eligible,Average,Average,Average,False,Good,0,0,False,No Violations,True,5+ Years (Matched),230.98,Excellent (≤500m),61.96698796,Excellent (≤300m),25,Medium,Renter,536200.00
01XQE0161000,64,62-69,25025000703.0,Census Tract 7.03; Suffolk County; Massachusetts,46985.0,Low Income,Eligible,Average,Average,Average,False,Good,0,0,False,No Violations,True,5+ Years (Matched),92.27,Excellent (≤500m),122.36802576,Excellent (≤300m),25,Medium,Renter,1704700.00
01TXO1250001,75,70-79,25025000603.0,Census Tract 6.03; Suffolk County; Massachusetts,33229.0,Low Income,Eligible,Average,Average,Average,False,Good,0,0,False,No Violations,True,5+ Years (Matched),473.06,Excellent (≤500m),60.98306682,Excellent (≤300m),25,Medium,Homeowner,1288100.00
11BCA0961000,64,62-69,25025000603.0,Census Tract 6.03; Suffolk County; Massachusetts,33229.0,Low Income,Eligible,Average,Average,Average,False,Good,0,0,False,No Violations,True,5+ Years (Matched),356.98,Excellent (≤500m),249.53067107,Excellent (≤300m),25,Medium,Homeowner,1562200.00
06SJE2151001,74,70-79,25025010103.0,Census Tract 101.03; Suffolk County; Massachusetts,45000.0,Low Income,Eligible,Good,Average,Average,False,Good,0,0,False,No Violations,True,5+ Years (Matched),179.29,Excellent (≤500m),109.68767509,Excellent (≤300m),25,Medium,Homeowner,966700.00
12QKN3048000,76,70-79,25025000703.0,Census Tract 7.03; Suffolk County; Massachusetts,46985.0,Low Income,Eligible,Average,Average,Average,False,Good,0,0,False,No Violations,True,5+ Years (Matched),204.06,Excellent (≤500m),44.3331298,Excellent (≤300m),25,Medium,Homeowner,1520700.00
08GBA3061000,64,62-69,25025000603.0,Census Tract 6.03; Suffolk County; Massachusetts,33229.0,Low Income,Eligible,Average,Average,Average,False,Good,0,0,False,No Violations,True,5+ Years (Matched),183.92,Excellent (≤500m),34.57509401,Excellent (≤300m),25,Medium,Homeowner,746600.00
09NMH1250001,75,70-79,25025010103.0,Census Tract 101.03; Suffolk County; Massachusetts,45000.0,Low Income,Eligible,Average,Average,Average,False,Good,0,0,False,No Violations,True,5+ Years (Matched),244.37,Excellent (≤500m),246.62533728,Excellent (≤300m),25,Medium,Renter,863200.00
07YTY2751000,74,70-79,25025000603.0,Census Tract 6.03; Suffolk County; Massachusetts,33229.0,Low Income,Eligible,Average,Average,Average,False,Good,0,1,False,No Violations,True,5+ Years (Matched),318.26,Excellent (≤500m),225.99268004,Excellent (≤300m),25,Medium,Renter,1467500.00
03BHA0361000,64,62-69,25025010103.0,Census Tract 101.03; Suffolk County; Massachusetts,45000.0,Low Income,Eligible,Average,Average,Average,False,Good,0,0,False,No Violations,True,5+ Years (Matched),243.58,Excellent (≤500m),42.70743384,Excellent (≤300m),25,Medium,Homeowner,756500.00
01HHN0160072,64,62-69,25025010103.0,Census Tract 101.03; Suffolk County; Massachusetts,45000.0,Low Income,Eligible,Unknown,Unknown,Unknown,False,Good,0,0,False,No Violations,True,5+ Years (Matched),199.26,Excellent (≤500m),260.82494636,Excellent (≤300m),25,Medium,Renter,0.00
10GJE2951001,74,70-79,25025000603.0,Census Tract 6.03; Suffolk County; Massachusetts,33229.0,Low Income,Eligible,Average,Average,Average,False,Good,0,0,False,No Violations,True,5+ Years (Matched),184.44,Excellent (≤500m),139.06414305,Excellent (≤300m),25,Medium,Renter,1078300.00
02MJN0150000,75,70-79,25025010103.0,Census Tract 101.03; Suffolk County; Massachusetts,45000.0,Low Income,Eligible,Average,Average,Average,False,Good,0,0,False,No Violations,True,5+ Years (Matched),244.56,Excellent (≤500m),194.12510409,Excellent (≤300m),25,Medium,Homeowner,888600.00
07MSN1561001,64,62-69,25025000703.0,Census Tract 7.03; Suffolk County; Massachusetts,46985.0,Low Income,Eligible,Average,Average,Average,False,Good,0,0,False,No Violations,True,5+ Years (Matched),80.25,Excellent (≤500m),176.47465619,Excellent (≤300m),25,Medium,Renter,1589800.00
12HSN1250000,74,70-79,25025000703.0,Census Tract 7.03; Suffolk County; Massachusetts,46985.0,Low Income,Eligible,Average,Average,Average,False,Good,0,0,False,No Violations,True,5+ Years (Matched),172.23,Excellent (≤500m),33.55075909,Excellent (≤300m),25,Medium,Homeowner,1096500.00
02SVR1251002,74,70-79,25025000703.0,Census Tract 7.03; Suffolk County; Massachusetts,46985.0,Low Income,Eligible,Unknown,Unknown,Unknown,False,Good,0,0,False,No Violations,True,5+ Years (Matched),151.1,Excellent (≤500m),111.5411665,Excellent (≤300m),25,Medium,Renter,27373404.00
08MDD1751000,74,70-79,25025000703.0,Census Tract 7.03; Suffolk County; Massachusetts,46985.0,Low Income,Eligible,Average,Average,Average,False,Good,0,0,False,No Violations,True,5+ Years (Matched),25.25,Excellent (≤500m),163.65990197,Excellent (≤300m),25,Medium,Homeowner,1410600.00
05HWN1750000,75,70-79,25025010103.0,Census Tract 101.03; Suffolk County; Massachusetts,45000.0,Low Income,Eligible,Good,Average,Average,False,Good,0,0,False,No Violations,True,5+ Years (Matched),188.55,Excellent (≤500m),83.46194334,Excellent (≤300m),25,Medium,Homeowner,945100.00
12GLD1350001,74,70-79,25025000703.0,Census Tract 7.03; Suffolk County; Massachusetts,46985.0,Low Income,Eligible,Unknown,Unknown,Unknown,False,Good,0,0,False,No Violations,True,5+ Years (Matched),151.1,Excellent (≤500m),111.5411665,Excellent (≤300m),25,Medium,Renter,27373404.00
04RRD2951000,74,70-79,25025000603.0,Census Tract 6.03; Suffolk County; Massachusetts,33229.0,Low Income,Eligible,Average,Average,Average,False,Good,0,0,False,No Violations,True,5+ Years (Matched),197.3,Excellent (≤500m),112.7349897,Excellent (≤300m),25,Medium,Homeowner,645700.00
02ZJH1949000,76,70-79,25025010103.0,Census Tract 101.03; Suffolk County; Massachusetts,45000.0,Low Income,Eligible,Average,Average,Average,False,Good,0,0,False,No Violations,True,5+ Years (Matched),216.27,Excellent (≤500m),35.70987339,Excellent (≤300m),25,Medium,Homeowner,531000.00
12MJE0250001,74,70-79,25025000603.0,Census Tract 6.03; Suffolk County; Massachusetts,33229.0,Low Income,Eligible,Good,Good,Average,False,Good,0,0,False,No Violations,True,5+ Years (Matched),221.41,Excellent (≤500m),182.73468165,Excellent (≤300m),25,Medium,Homeowner,1728100.00
09MLA2252000,73,70-79,25025000703.0,Census Tract 7.03; Suffolk County; Massachusetts,46985.0,Low Income,Eligible,Average,Average,Average,False,Good,0,0,False,No Violations,True,5+ Years (Matched),25.25,Excellent (≤500m),163.65990197,Excellent (≤300m),25,Medium,Homeowner,1410600.00
05GMS2050000,75,70-79,25025000603.0,Census Tract 6.03; Suffolk County; Massachusetts,33229.0,Low Income,Eligible,Unknown,Unknown,Unknown,False,Good,0,1,False,No Violations,True,5+ Years (Matched),435.69,Excellent (≤500m),99.15942125,Excellent (≤300m),25,Medium,Renter,0.00
01KPA0149000,75,70-79,25025000603.0,Census Tract 6.03; Suffolk County; Massachusetts,33229.0,Low Income,Eligible,Unknown,Unknown,Unknown,False,Good,0,1,False,No Violations,True,5+ Years (Matched),435.69,Excellent (≤500m),99.15942125,Excellent (≤300m),25,Medium,Renter,0.00
11DPA0248002,77,70-79,25025010103.0,Census Tract 101.03; Suffolk County; Massachusetts,45000.0,Low Income,Eligible,Average,Average,Average,False,Good,0,0,False,No Violations,True,5+ Years (Matched),171.88,Excellent (≤500m),180.83627876,Excellent (≤300m),25,Medium,Homeowner,1176100.00
06GLA1961002,64,62-69,25025010103.0,Census Tract 101.03; Suffolk County; Massachusetts,45000.0,Low Income,Eligible,Unknown,Unknown,Unknown,False,Good,0,0,False,No Violations,True,5+ Years (Matched),235.51,Excellent (≤500m),44.13046123,Excellent (≤300m),25,Medium,Renter,141527.00
07UJT2552000,73,70-79,25025000603.0,Census Tract 6.03; Suffolk County; Massachusetts,33229.0,Low Income,Eligible,Unknown,Unknown,Unknown,False,Good,0,0,False,No Violations,True,5+ Years (Matched),301.73,Excellent (≤500m),14.54901886,Excellent (≤300m),25,Medium,Renter,0.00
11ZMO1052000,73,70-79,25025000603.0,Census Tract 6.03; Suffolk County; Massachusetts,33229.0,Low Income,Eligible,Average,Average,Average,False,Good,0,0,False,No Violations,True,5+ Years (Matched),183.92,Excellent (≤500m),34.57509401,Excellent (≤300m),25,Medium,Homeowner,746600.00
06KGL0350000,75,70-79,25025000603.0,Census Tract 6.03; Suffolk County; Massachusetts,33229.0,Low Income,Eligible,Unknown,Unknown,Unknown,False,Good,0,1,False,No Violations,True,5+ Years (Matched),435.69,Excellent (≤500m),99.15942125,Excellent (≤300m),25,Medium,Renter,0.00
10DDY1061000,64,62-69,25025010103.0,Census Tract 101.03; Suffolk County; Massachusetts,45000.0,Low Income,Eligible,Average,Average,Average,False,Good,0,0,False,No Violations,True,5+ Years (Matched),261.45,Excellent (≤500m),47.53465871,Excellent (≤300m),25,Medium,Homeowner,865500.00
08LGA1749000,76,70-79,25025000603.0,Census Tract 6.03; Suffolk County; Massachusetts,33229.0,Low Income,Eligible,Average,Average,Average,False,Good,0,0,False,No Violations,True,5+ Years (Matched),298.81,Excellent (≤500m),259.63671759,Excellent (≤300m),25,Medium,Renter,1013500.00
08MED1861001,64,62-69,25025010103.0,Census Tract 101.03; Suffolk County; Massachusetts,45000.0,Low Income,Eligible,Average,Average,Average,False,Good,0,0,False,No Violations,True,5+ Years (Matched),273.87,Excellent (≤500m),58.75081101,Excellent (≤300m),25,Medium,Homeowner,1042900.00
04WAN2461000,64,62-69,25025010103.0,Census Tract 101.03; Suffolk County; Massachusetts,45000.0,Low Income,Eligible,Good,Average,Average,False,Good,0,0,False,No Violations,True,5+ Years (Matched),253.67,Excellent (≤500m),42.74396254,Excellent (≤300m),25,Medium,Homeowner,1125600.00
09KTA0948000,77,70-79,25025010103.0,Census Tract 101.03; Suffolk County; Massachusetts,45000.0,Low Income,Eligible,Average,Average,Average,False,Good,0,0,False,No Violations,True,5+ Years (Matched),280.54,Excellent (≤500m),277.05316344,Excellent (≤300m),25,Medium,Homeowner,1210000.00
01YJE0160029,64,62-69,25025010103.0,Census Tract 101.03; Suffolk County; Massachusetts,45000.0,Low Income,Eligible,Average,Average,Average,False,Good,0,0,False,No Violations,True,5+ Years (Matched),180.3,Excellent (≤500m),239.74223438,Excellent (≤300m),25,Medium,Homeowner,1298200.00
04BBE1248001,77,70-79,25025010103.0,Census Tract 101.03; Suffolk County; Massachusetts,45000.0,Low Income,Eligible,Average,Good,Average,False,Good,0,0,False,No Violations,True,5+ Years (Matched),155.13,Excellent (≤500m),190.91157978,Excellent (≤300m),25,Medium,Homeowner,1530600.00
12GML0947000,77,70-79,25025010103.0,Census Tract 101.03; Suffolk County; Massachusetts,45000.0,Low Income,Eligible,Average,Average,Average,False,Good,0,0,False,No Violations,True,5+ Years (Matched),69.83,Excellent (≤500m),160.65414812,Excellent (≤300m),25,Medium,Homeowner,1571800.00
01HME0152006,73,70-79,25025010103.0,Census Tract 101.03; Suffolk County; Massachusetts,45000.0,Low Income,Eligible,Average,Average,Average,False,Good,0,0,False,No Violations,True,5+ Years (Matched),244.56,Excellent (≤500m),194.12510409,Excellent (≤300m),25,Medium,Homeowner,888600.00
12OTA0949000,75,70-79,25025010103.0,Census Tract 101.03; Suffolk County; Massachusetts,45000.0,Low Income,Eligible,Average,Average,Average,False,Good,0,0,False,No Violations,True,5+ Years (Matched),23.27,Excellent (≤500m),224.87985071,Excellent (≤300m),25,Medium,Renter,956900.00
09ZTA2661001,64,62-69,25025010103.0,Census Tract 101.03; Suffolk County; Massachusetts,45000.0,Low Income,Eligible,Average,Average,Average,False,Good,0,0,False,No Violations,True,5+ Years (Matched),205.58,Excellent (≤500m),232.27977595,Excellent (≤300m),25,Medium,Homeowner,1259800.00
06MAY1361003,64,62-69,25025010103.0,Census Tract 101.03; Suffolk County; Massachusetts,45000.0,Low Income,Eligible,Average,Average,Good,False,Good,0,0,False,No Violations,True,5+ Years (Matched),83.34,Excellent (≤500m),130.58500739,Excellent (≤300m),25,Medium,Renter,1075900.00
07PPA1619000,106,90+,25025000703.0,Census Tract 7.03; Suffolk County; Massachusetts,46985.0,Low Income,Eligible,Unknown,Unknown,Unknown,False,Good,0,0,False,No Violations,True,5+ Years (Matched),151.1,Excellent (≤500m),111.5411665,Excellent (≤300m),25,Medium,Renter,27373404.00
01YWM2043000,72,70-79,25025010103.0,Census Tract 101.03; Suffolk County; Massachusetts,45000.0,Low Income,Eligible,Average,Average,Average,False,Good,0,0,False,No Violations,True,5+ Years (Matched),180.3,Excellent (≤500m),239.74223438,Excellent (≤300m),25,Medium,Homeowner,1298200.00
01CRE1357000,68,62-69,25025000506.0,Census Tract 5.06; Suffolk County; Massachusetts,73403.0,Moderate Income,Potentially Eligible,Average,Fair,Average,True,Fair,0,0,False,No Violations,True,5+ Years (Matched),257.38,Excellent (≤500m),247.58620496,Excellent (≤300m),25,Medium,Homeowner,1310300.00
12DAI1556000,68,62-69,25025010103.0,Census Tract 101.03; Suffolk County; Massachusetts,45000.0,Low Income,Eligible,Average,Average,Average,False,Good,0,0,False,No Violations,True,5+ Years (Matched),115.04,Excellent (≤500m),250.14747922,Excellent (≤300m),25,Medium,Renter,1212000.00
09RPR1957000,68,62-69,25025000703.0,Census Tract 7.03; Suffolk County; Massachusetts,46985.0,Low Income,Eligible,Unknown,Unknown,Unknown,False,Good,0,0,False,No Violations,True,5+ Years (Matched),104.8,Excellent (≤500m),168.29194643,Excellent (≤300m),25,Medium,Renter,838700.00
01LML0160055,65,62-69,25025010103.0,Census Tract 101.03; Suffolk County; Massachusetts,45000.0,Low Income,Eligible,Average,Average,Average,False,Good,0,0,False,No Violations,True,5+ Years (Matched),140.91,Excellent (≤500m),212.4171878,Excellent (≤300m),25,Medium,Homeowner,1111900.00
11LLI2859000,65,62-69,25025000603.0,Census Tract 6.03; Suffolk County; Massachusetts,33229.0,Low Income,Eligible,Unknown,Unknown,Unknown,False,Good,0,0,False,No Violations,True,5+ Years (Matched),253.77,Excellent (≤500m),287.83872515,Excellent (≤300m),25,Medium,Homeowner,1117800.00
01DPA1760000,65,62-69,25025010103.0,Census Tract 101.03; Suffolk County; Massachusetts,45000.0,Low Income,Eligible,Average,Average,Average,False,Good,0,0,False,No Violations,True,5+ Years (Matched),221.55,Excellent (≤500m),275.7214965,Excellent (≤300m),25,Medium,Homeowner,919200.00
01TBY1760000,65,62-69,25025010103.0,Census Tract 101.03; Suffolk County; Massachusetts,45000.0,Low Income,Eligible,Average,Average,Average,False,Good,0,0,False,No Violations,True,5+ Years (Matched),253.15,Excellent (≤500m),108.62873066,Excellent (≤300m),25,Medium,Homeowner,1061900.00
12WJR0159000,65,62-69,25025000703.0,Census Tract 7.03; Suffolk County; Massachusetts,46985.0,Low Income,Eligible,Average,Average,Average,False,Good,0,0,False,No Violations,True,5+ Years (Matched),124.77,Excellent (≤500m),149.26874571,Excellent (≤300m),25,Medium,Homeowner,630200.00
04LKG2260000,65,62-69,25025010103.0,Census Tract 101.03; Suffolk County; Massachusetts,45000.0,Low Income,Eligible,Average,Average,Average,False,Good,0,0,False,No Violations,True,5+ Years (Matched),280.65,Excellent (≤500m),92.71795668,Excellent (≤300m),25,Medium,Homeowner,795300.00
05HAM2457000,68,62-69,25025010103.0,Census Tract 101.03; Suffolk County; Massachusetts,45000.0,Low Income,Eligible,Average,Average,Good,False,Good,0,0,False,No Violations,True,5+ Years (Matched),105.56,Excellent (≤500m),118.09092993,Excellent (≤300m),25,Medium,Homeowner,1410200.00
09HKE0257001,68,62-69,25025010103.0,Census Tract 101.03; Suffolk County; Massachusetts,45000.0,Low Income,Eligible,Average,Average,Good,False,Good,0,0,False,No Violations,True,5+ Years (Matched),105.56,Excellent (≤500m),118.09092993,Excellent (≤300m),25,Medium,Homeowner,1410200.00
04GTS0557000,68,62-69,25025000603.0,Census Tract 6.03; Suffolk County; Massachusetts,33229.0,Low Income,Eligible,Good,Average,Average,False,Good,0,0,False,No Violations,True,5+ Years (Matched),438.5,Excellent (≤500m),65.18748983,Excellent (≤300m),25,Medium,Homeowner,741000.00
04LSA3057000,68,62-69,25025000703.0,Census Tract 7.03; Suffolk County; Massachusetts,46985.0,Low Income,Eligible,Average,Average,Average,False,Good,0,0,False,No Violations,True,5+ Years (Matched),105.45,Excellent (≤500m),103.65364611,Excellent (≤300m),25,Medium,Homeowner,676300.00
08JAA2357001,68,62-69,25025010103.0,Census Tract 101.03; Suffolk County; Massachusetts,45000.0,Low Income,Eligible,Good,Good,Average,False,Good,0,0,False,No Violations,True,5+ Years (Matched),253.45,Excellent (≤500m),46.88737491,Excellent (≤300m),25,Medium,Homeowner,1138200.00
10SEE2057000,68,62-69,25025000703.0,Census Tract 7.03; Suffolk County; Massachusetts,46985.0,Low Income,Eligible,Average,Average,Average,False,Good,0,0,False,No Violations,True,5+ Years (Matched),250.67,Excellent (≤500m),287.20951437,Excellent (≤300m),25,Medium,Homeowner,1110300.00
01CLS0657002,68,62-69,25025000703.0,Census Tract 7.03; Suffolk County; Massachusetts,46985.0,Low Income,Eligible,Unknown,Unknown,Unknown,False,Good,0,0,False,No Violations,True,5+ Years (Matched),102.9,Excellent (≤500m),97.64558051,Excellent (≤300m),25,Medium,Renter,26902496.00
11GSN0757002,68,62-69,25025010103.0,Census Tract 101.03; Suffolk County; Massachusetts,45000.0,Low Income,Eligible,Average,Average,Average,False,Good,0,0,False,No Violations,True,5+ Years (Matched),172.25,Excellent (≤500m),203.71549719,Excellent (≤300m),25,Medium,Homeowner,1631800.00
11LEH2259001,65,62-69,25025010103.0,Census Tract 101.03; Suffolk County; Massachusetts,45000.0,Low Income,Eligible,Average,Average,Average,False,Good,0,0,False,No Violations,True,5+ Years (Matched),140.91,Excellent (≤500m),212.4171878,Excellent (≤300m),25,Medium,Homeowner,1111900.00
12VML2557001,67,62-69,25025010103.0,Census Tract 101.03; Suffolk County; Massachusetts,45000.0,Low Income,Eligible,Average,Average,Average,False,Good,0,0,False,No Violations,True,5+ Years (Matched),224.18,Excellent (≤500m),17.09073677,Excellent (≤300m),25,Medium,Homeowner,894300.00
01PMG0757000,68,62-69,25025010103.0,Census Tract 101.03; Suffolk County; Massachusetts,45000.0,Low Income,Eligible,Average,Good,Average,False,Good,0,0,False,No Violations,True,5+ Years (Matched),114.28,Excellent (≤500m),182.432869,Excellent (≤300m),25,Medium,Homeowner,852000.00
01FME3060000,65,62-69,25025010103.0,Census Tract 101.03; Suffolk County; Massachusetts,45000.0,Low Income,Eligible,Average,Average,Average,False,Good,0,0,False,No Violations,True,5+ Years (Matched),168.87,Excellent (≤500m),97.5538641,Excellent (≤300m),25,Medium,Homeowner,847800.00
08PDE3156000,69,62-69,25025010103.0,Census Tract 101.03; Suffolk County; Massachusetts,45000.0,Low Income,Eligible,Average,Good,Average,False,Good,0,0,False,No Violations,True,5+ Years (Matched),227.07,Excellent (≤500m),32.41282288,Excellent (≤300m),25,Medium,Homeowner,779600.00
01RLN2356000,69,62-69,25025000703.0,Census Tract 7.03; Suffolk County; Massachusetts,46985.0,Low Income,Eligible,Average,Average,Average,False,Good,0,0,False,No Violations,True,5+ Years (Matched),152.68,Excellent (≤500m),56.1017947,Excellent (≤300m),25,Medium,Homeowner,1230100.00
01DAO0155002,69,62-69,25025000603.0,Census Tract 6.03; Suffolk County; Massachusetts,33229.0,Low Income,Eligible,Good,Average,Average,False,Good,0,0,False,No Violations,True,5+ Years (Matched),318.8,Excellent (≤500m),199.85974198,Excellent (≤300m),25,Medium,Homeowner,870700.00
01FMT3060000,65,62-69,25025010103.0,Census Tract 101.03; Suffolk County; Massachusetts,45000.0,Low Income,Eligible,Average,Average,Average,False,Good,0,0,False,No Violations,True,5+ Years (Matched),168.87,Excellent (≤500m),97.5538641,Excellent (≤300m),25,Medium,Homeowner,847800.00
01TBH1756000,69,62-69,25025010103.0,Census Tract 101.03; Suffolk County; Massachusetts,45000.0,Low Income,Eligible,Average,Average,Average,False,Good,0,0,False,No Violations,True,5+ Years (Matched),139.24,Excellent (≤500m),172.20816467,Excellent (≤300m),25,Medium,Homeowner,1229500.00
07DDA1356001,69,62-69,25025010103.0,Census Tract 101.03; Suffolk County; Massachusetts,45000.0,Low Income,Eligible,Average,Good,Average,False,Good,0,0,False,No Violations,True,5+ Years (Matched),245.95,Excellent (≤500m),41.25939621,Excellent (≤300m),25,Medium,Homeowner,867500.00
08ECA0157001,68,62-69,25025010103.0,Census Tract 101.03; Suffolk County; Massachusetts,45000.0,Low Income,Eligible,Average,Average,Average,False,Good,0,0,False,No Violations,True,5+ Years (Matched),271.52,Excellent (≤500m),58.67977466,Excellent (≤300m),25,Medium,Homeowner,771000.00
06YBA0157000,68,62-69,25025000603.0,Census Tract 6.03; Suffolk County; Massachusetts,33229.0,Low Income,Eligible,Average,Average,Average,False,Good,0,1,False,No Violations,True,5+ Years (Matched),318.26,Excellent (≤500m),225.99268004,Excellent (≤300m),25,Medium,Renter,1467500.00
06FDY1557000,68,62-69,25025010103.0,Census Tract 101.03; Suffolk County; Massachusetts,45000.0,Low Income,Eligible,Average,Good,Average,False,Good,0,0,False,No Violations,True,5+ Years (Matched),118.31,Excellent (≤500m),96.32326092,Excellent (≤300m),25,Medium,Homeowner,1537900.00
11DRI1157000,68,62-69,25025010103.0,Census Tract 101.03; Suffolk County; Massachusetts,45000.0,Low Income,Eligible,Average,Average,Average,False,Good,0,0,False,No Violations,True,5+ Years (Matched),237.62,Excellent (≤500m),256.98649283,Excellent (≤300m),25,Medium,Homeowner,1316100.00
04VYY2357000,68,62-69,25025000703.0,Census Tract 7.03; Suffolk County; Massachusetts,46985.0,Low Income,Eligible,Unknown,Unknown,Unknown,False,Good,0,0,False,No Violations,True,5+ Years (Matched),151.1,Excellent (≤500m),111.5411665,Excellent (≤300m),25,Medium,Renter,27373404.00
06FEN1757000,68,62-69,25025010103.0,Census Tract 101.03; Suffolk County; Massachusetts,45000.0,Low Income,Eligible,Average,Average,Average,False,Good,0,0,False,No Violations,True,5+ Years (Matched),113.64,Excellent (≤500m),169.65624588,Excellent (≤300m),25,Medium,Homeowner,1209400.00
07CAA2860000,65,62-69,25025010103.0,Census Tract 101.03; Suffolk County; Massachusetts,45000.0,Low Income,Eligible,Average,Average,Good,False,Good,0,0,False,No Violations,True,5+ Years (Matched),95.21,Excellent (≤500m),67.00330691,Excellent (≤300m),25,Medium,Homeowner,1064400.00
02OOA0960000,65,62-69,25025000703.0,Census Tract 7.03; Suffolk County; Massachusetts,46985.0,Low Income,Eligible,Unknown,Unknown,Unknown,False,Good,0,0,False,No Violations,True,5+ Years (Matched),102.9,Excellent (≤500m),97.64558051,Excellent (≤300m),25,Medium,Renter,26902496.00
02ONY0357000,68,62-69,25025010103.0,Census Tract 101.03; Suffolk County; Massachusetts,45000.0,Low Income,Eligible,Average,Average,Average,False,Good,0,0,False,No Violations,True,5+ Years (Matched),218.62,Excellent (≤500m),49.07658293,Excellent (≤300m),25,Medium,Homeowner,989400.00
02LXO0860001,65,62-69,25025010103.0,Census Tract 101.03; Suffolk County; Massachusetts,45000.0,Low Income,Eligible,Average,Average,Average,False,Good,0,0,False,No Violations,True,5+ Years (Matched),261.45,Excellent (≤500m),47.53465871,Excellent (≤300m),25,Medium,Homeowner,865500.00
09LSI1060000,65,62-69,25025000603.0,Census Tract 6.03; Suffolk County; Massachusetts,33229.0,Low Income,Eligible,Average,Average,Good,False,Good,0,0,False,No Violations,True,5+ Years (Matched),290.09,Excellent (≤500m),225.08972475,Excellent (≤300m),25,Medium,Homeowner,1374900.00
04BLE1459000,66,62-69,25025000703.0,Census Tract 7.03; Suffolk County; Massachusetts,46985.0,Low Income,Eligible,Unknown,Unknown,Unknown,False,Good,0,0,False,No Violations,True,5+ Years (Matched),60.65,Excellent (≤500m),136.93348426,Excellent (≤300m),25,Medium,Renter,4981351.00
03FML1859000,66,62-69,25025010103.0,Census Tract 101.03; Suffolk County; Massachusetts,45000.0,Low Income,Eligible,Average,Good,Average,False,Good,0,0,False,No Violations,True,5+ Years (Matched),118.31,Excellent (≤500m),96.32326092,Excellent (≤300m),25,Medium,Homeowner,1537900.00
12SAM0958000,66,62-69,25025000703.0,Census Tract 7.03; Suffolk County; Massachusetts,46985.0,Low Income,Eligible,Average,Average,Good,False,Good,0,0,False,No Violations,True,5+ Years (Matched),202.62,Excellent (≤500m),248.93985958,Excellent (≤300m),25,Medium,Homeowner,1172000.00
08URD2659000,66,62-69,25025000703.0,Census Tract 7.03; Suffolk County; Massachusetts,46985.0,Low Income,Eligible,Average,Average,Average,False,Good,0,4,False,No Violations,True,5+ Years (Matched),126.19,Excellent (≤500m),197.62625681,Excellent (≤300m),25,Medium,Renter,1073600.00
02RJE2659002,66,62-69,25025000703.0,Census Tract 7.03; Suffolk County; Massachusetts,46985.0,Low Income,Eligible,Average,Average,Average,False,Good,0,0,False,No Violations,True,5+ Years (Matched),152.68,Excellent (≤500m),56.1017947,Excellent (≤300m),25,Medium,Homeowner,1230100.00
12LTS3158000,66,62-69,25025010103.0,Census Tract 101.03; Suffolk County; Massachusetts,45000.0,Low Income,Eligible,Good,Average,Average,False,Good,0,0,False,No Violations,True,5+ Years (Matched),57.03,Excellent (≤500m),178.5917424,Excellent (≤300m),25,Medium,Homeowner,982500.00
02KSH2559001,66,62-69,25025010103.0,Census Tract 101.03; Suffolk County; Massachusetts,45000.0,Low Income,Eligible,Average,Average,Average,False,Good,0,0,False,No Violations,True,5+ Years (Matched),143.58,Excellent (≤500m),160.99048249,Excellent (≤300m),25,Medium,Homeowner,1229500.00
01MJN2259001,66,62-69,25025010103.0,Census Tract 101.03; Suffolk County; Massachusetts,45000.0,Low Income,Eligible,Average,Average,Average,False,Good,0,0,False,No Violations,True,5+ Years (Matched),279.85,Excellent (≤500m),69.2825865,Excellent (≤300m),25,Medium,Renter,934100.00
06BAX1059000,66,62-69,25025000603.0,Census Tract 6.03; Suffolk County; Massachusetts,33229.0,Low Income,Eligible,Average,Average,Average,False,Good,0,0,False,No Violations,True,5+ Years (Matched),396.65,Excellent (≤500m),196.68552417,Excellent (≤300m),25,Medium,Renter,970700.00
02GIY2159000,66,62-69,25025000703.0,Census Tract 7.03; Suffolk County; Massachusetts,46985.0,Low Income,Eligible,Unknown,Unknown,Unknown,False,Good,0,0,False,No Violations,True,5+ Years (Matched),72.61,Excellent (≤500m),183.89816666,Excellent (≤300m),25,Medium,Renter,2158400.00
09AAD1359000,66,62-69,25025000703.0,Census Tract 7.03; Suffolk County; Massachusetts,46985.0,Low Income,Eligible,Unknown,Unknown,Unknown,False,Good,0,0,False,No Violations,True,5+ Years (Matched),151.1,Excellent (≤500m),111.5411665,Excellent (≤300m),25,Medium,Renter,27373404.00
03DTY2559000,66,62-69,25025010103.0,Census Tract 101.03; Suffolk County; Massachusetts,45000.0,Low Income,Eligible,Average,Average,Average,False,Good,0,0,False,No Violations,True,5+ Years (Matched),273.87,Excellent (≤500m),58.75081101,Excellent (≤300m),25,Medium,Homeowner,1042900.00
09LYN0359000,66,62-69,25025000703.0,Census Tract 7.03; Suffolk County; Massachusetts,46985.0,Low Income,Eligible,Average,Average,Average,False,Good,0,0,False,No Violations,True,5+ Years (Matched),213.06,Excellent (≤500m),16.65377142,Excellent (≤300m),25,Medium,Homeowner,626100.00
01MUA0159000,66,62-69,25025010103.0,Census Tract 101.03; Suffolk County; Massachusetts,45000.0,Low Income,Eligible,Average,Average,Good,False,Good,0,0,False,No Violations,True,5+ Years (Matched),158.94,Excellent (≤500m),263.35355938,Excellent (≤300m),25,Medium,Renter,1368700.00
07FSL0559000,66,62-69,25025000603.0,Census Tract 6.03; Suffolk County; Massachusetts,33229.0,Low Income,Eligible,Average,Average,Average,False,Good,0,0,False,No Violations,True,5+ Years (Matched),428.53,Excellent (≤500m),142.97597632,Excellent (≤300m),25,Medium,Homeowner,816300.00
01CSU0112002,66,62-69,25025010103.0,Census Tract 101.03; Suffolk County; Massachusetts,45000.0,Low Income,Eligible,Good,Average,Average,False,Good,0,0,False,No Violations,True,5+ Years (Matched),224.7,Excellent (≤500m),288.06428995,Excellent (≤300m),25,Medium,Homeowner,899000.00
07GRA1659000,66,62-69,25025010103.0,Census Tract 101.03; Suffolk County; Massachusetts,45000.0,Low Income,Eligible,Unknown,Unknown,Unknown,False,Good,0,0,False,No Violations,True,5+ Years (Matched),103.02,Excellent (≤500m),160.47236949,Excellent (≤300m),25,Medium,Renter,0.00
02BRA0559000,66,62-69,25025010103.0,Census Tract 101.03; Suffolk County; Massachusetts,45000.0,Low Income,Eligible,Average,Average,Average,False,Good,0,0,False,No Violations,True,5+ Years (Matched),209.56,Excellent (≤500m),22.93858042,Excellent (≤300m),25,Medium,Homeowner,894300.00
